timestamp,short_mavg,long_mavg,rsi
2023-01-20,347835.36666666664,320574.5833333333,70.59027401711253
2023-01-21,350813.2,322237.8333333333,75.57812955938138
2023-01-21,354045.43333333335,323993.35,76.29827604516974
2023-01-21,357030.2,325686.18333333335,72.54750164088928
2023-01-22,359782.13333333336,327389.4166666667,72.12767411660174
2023-01-22,362539.56666666665,329072.01666666666,72.91760234928313
2023-01-22,364926.1,330735.0833333333,68.79274178419769
2023-01-23,367325.1666666667,332426.0333333333,75.62869351759251
2023-01-23,369531.4,334194.68333333335,85.98769522006626
2023-01-23,371316.6666666667,335981.7,84.90435208222866
2023-01-24,372683.5333333333,337810.9166666667,85.14102178058818
2023-01-24,374169.8333333333,339630.8,84.73617964957145
2023-01-24,375488.4,341383.65,77.77942980336765
2023-01-25,376910.93333333335,343134.2166666667,78.08168952115568
2023-01-25,378009.2,344709.86666666664,60.49385546588408
2023-01-25,379372.9,346448.9,58.350051968770394
2023-01-26,380537.6666666667,348171.3,51.68517272319426
2023-01-26,381762.0,349905.9666666667,59.30552677540629
2023-01-26,382809.9666666667,351623.1,56.40399882387533
2023-01-27,383983.0333333333,353373.85,62.16276291295046
2023-01-27,385051.13333333336,355102.8,64.3401489661519
2023-01-27,386184.1,356845.31666666665,63.11938611623342
2023-01-28,387278.23333333334,358593.63333333336,59.34426229508197
2023-01-28,388557.0333333333,360343.9666666667,60.17983301220296
2023-01-28,390035.86666666664,362084.23333333334,53.458694591449905
2023-01-29,391499.2,363841.0333333333,59.27412554389989
2023-01-29,392973.3,365682.75,73.585291113381
2023-01-29,394559.3,367631.56666666665,75.30950638108271
2023-01-30,396104.5,369539.76666666666,88.27172007311523
2023-01-30,397473.5,371308.31666666665,68.19544963813027
2023-01-30,398043.43333333335,372939.4,51.78812415654521
2023-01-31,398508.56666666665,374660.88333333336,57.18293745914143
2023-01-31,398820.86666666664,376433.15,60.35369949084606
2023-01-31,399257.43333333335,378143.81666666665,56.916239919948204
2023-02-01,399641.3333333333,379711.73333333334,58.068099927936586
2023-02-01,399897.06666666665,381218.31666666665,50.2836230558097
2023-02-01,400477.4666666667,382701.7833333333,57.418560394044555
2023-02-02,401111.43333333335,384218.3,59.432191459408735
2023-02-02,401639.06666666665,385585.23333333334,59.979378406245395
2023-02-02,401995.13333333336,386655.9,51.02562023674396
2023-02-03,402239.6666666667,387461.6,47.98053737512918
2023-02-03,402772.93333333335,388471.38333333336,53.09715616810637
2023-02-03,403387.4,389437.9,51.86976144422953
2023-02-04,403943.5,390427.2166666667,56.44798481127598
2023-02-04,404716.6666666667,391362.93333333335,68.18669655846789
2023-02-04,405211.73333333334,392292.31666666665,60.284547490449214
2023-02-05,405765.76666666666,393151.7166666667,60.950209833687374
2023-02-05,406097.0,393929.5,53.5991344582307
2023-02-05,406369.06666666665,394589.51666666666,51.09838260144404
2023-02-06,406479.23333333334,395231.13333333336,55.20151730678047
2023-02-06,406820.4666666667,395935.8,53.44666173934466
2023-02-06,406999.73333333334,396591.9166666667,44.32858655996234
2023-02-07,407274.63333333336,397276.43333333335,47.928316674739115
2023-02-07,407501.86666666664,398029.45,53.013515158894435
2023-02-07,407801.2,398918.5333333333,54.14359388739691
2023-02-08,408018.0333333333,399758.61666666664,44.227656376459706
2023-02-08,408065.8333333333,400519.56666666665,45.33898305084745
2023-02-08,407995.76666666666,401277.5333333333,45.699181649841705
2023-02-09,407832.3,401968.4,39.38613195922483
2023-02-09,407759.93333333335,402616.7166666667,39.012482662968104
2023-02-09,407495.5333333333,402769.48333333334,25.45290425509583
2023-02-10,407099.7,402804.13333333336,31.342509025270758
2023-02-10,406649.6666666667,402735.26666666666,33.23285246058518
2023-02-10,406132.1666666667,402694.8,33.14325252910861
2023-02-11,405706.76666666666,402674.05,27.060936564541734
2023-02-11,405480.73333333334,402688.9,32.73678732508385
2023-02-11,405050.73333333334,402764.1,27.319587628865975
2023-02-12,404511.3333333333,402811.38333333336,27.634697424553636
2023-02-12,404054.7,402846.88333333336,29.76752744893578
2023-02-12,403708.06666666665,402851.6,26.346966720247664
2023-02-13,403340.2,402789.93333333335,28.313580844116586
2023-02-13,402502.7,402637.81666666665,24.285566101343278
2023-02-13,401789.8,402588.6,30.36772465297507
2023-02-14,401130.9,402537.2,34.22581811104624
2023-02-14,400589.3,402652.98333333334,62.74956796705519
2023-02-14,400211.36666666664,402711.55,64.58435293295113
2023-02-15,399797.8333333333,402781.8,66.38300792643173
2023-02-15,400035.8333333333,403066.4166666667,80.83249653325683
2023-02-15,401194.3333333333,403781.7,87.58055521130251
2023-02-16,402524.5,404501.86666666664,88.05358526554211
2023-02-16,404164.76666666666,405492.61666666664,90.09513219668891
2023-02-16,405042.6666666667,406021.2,67.43014073567215
2023-02-17,405894.56666666665,406584.6,67.33166388425153
2023-02-17,406960.76666666666,407231.31666666665,70.09496506002509
2023-02-17,408204.63333333336,408002.9166666667,71.85473739238948
2023-02-18,409448.06666666665,408733.05,75.69928224614735
2023-02-18,410777.13333333336,409421.48333333334,75.63047447669956
2023-02-18,412071.9,410033.8333333333,74.5342325843488
2023-02-19,413468.5,410650.4,73.14699527593658
2023-02-19,415066.5333333333,411413.23333333334,73.34005944427781
2023-02-19,416816.7,412156.11666666664,67.57852849039031
2023-02-20,418584.06666666665,412841.88333333336,63.850314833520564
2023-02-20,420734.9666666667,413692.31666666665,58.530880107427905
2023-02-20,422825.8333333333,414479.0,54.700937915814755
2023-02-21,425015.1,415360.93333333335,49.30078820239003
2023-02-21,426980.4666666667,416230.6,67.02054118111792
2023-02-21,428811.6,416931.1666666667,62.18086414692137
2023-02-22,430494.1666666667,417502.75,53.60013284623049
2023-02-22,431765.43333333335,417910.06666666665,40.01323819056537
2023-02-22,433394.93333333335,418551.5,46.92160447974402
2023-02-23,435176.9666666667,419258.5833333333,49.48543306551382
2023-02-23,436886.76666666666,419694.73333333334,45.39728863446453
2023-02-23,438519.1,420154.45,45.36447363501539
2023-02-24,440067.2,420599.05,41.735616949545125
2023-02-24,441325.8,420957.55,44.62575674188222
2023-02-24,442365.86666666664,421288.61666666664,40.867997668713315
2023-02-25,443370.56666666665,421584.2,30.224373775817313
2023-02-25,443826.1666666667,421931.0,30.999902002417272
2023-02-25,443535.6,422364.9666666667,27.926298728994297
2023-02-26,443141.8333333333,422833.1666666667,31.489137788468767
2023-02-26,442306.13333333336,423235.45,35.41413087578972
2023-02-26,442536.1,423789.38333333336,44.262455099172264
2023-02-27,442561.9666666667,424228.26666666666,50.01323509948383
2023-02-27,442480.1666666667,424720.4666666667,41.66001596169194
2023-02-27,442096.8,425150.7166666667,31.415866542045492
2023-02-28,441590.4666666667,425519.26666666666,36.68717338096184
2023-02-28,441103.4666666667,425940.3,41.427003293084525
2023-02-28,440405.26666666666,426238.5833333333,34.69023294902435
2023-03-01,439971.9,426720.2,49.76850185918196
2023-03-01,439406.1,427236.31666666665,54.151549163425656
2023-03-01,439050.8,427933.75,50.887951334379906
2023-03-02,438551.9,428567.98333333334,50.867987446057285
2023-03-02,437642.1666666667,429188.56666666665,46.435973914362265
2023-03-02,436894.13333333336,429859.98333333334,47.60539003585115
2023-03-03,435343.0,430179.05,30.494325433785235
2023-03-03,433985.5333333333,430483.0,24.894231665268848
2023-03-03,432689.1,430750.35,25.922835073555106
2023-03-04,431723.06666666665,431108.61666666664,29.508560031026647
2023-03-04,431001.5,431383.4666666667,29.331424165657012
2023-03-04,429985.9,431690.4166666667,31.0597563333978
2023-03-05,428792.26666666666,431984.61666666664,27.97528288259369
2023-03-05,427930.63333333336,432408.7,36.120401337792636
2023-03-05,427066.73333333334,432792.9166666667,22.677118848828158
2023-03-06,426245.86666666664,433156.5333333333,22.590997833703298
2023-03-06,425779.43333333335,433552.61666666664,36.554236633854465
2023-03-06,425275.13333333336,433820.5,34.481895354923864
2023-03-07,424800.5333333333,434085.55,36.45227309310829
2023-03-07,424486.36666666664,434156.26666666666,38.61617059084851
2023-03-07,424093.1,433814.35,67.09241751881149
2023-03-08,423537.0333333333,433339.43333333335,57.14332719136615
2023-03-08,422954.3,432630.2166666667,60.530530530530534
2023-03-08,421932.43333333335,432234.26666666666,38.81600379068321
2023-03-09,421076.6666666667,431819.31666666665,44.01681373718101
2023-03-09,420112.8333333333,431296.5,42.817147856517934
2023-03-09,418364.76666666666,430230.7833333333,24.834235453315287
2023-03-10,416417.8333333333,429004.15,19.18564946200658
2023-03-10,414271.73333333334,427687.6,18.26429923284742
2023-03-10,412540.43333333335,426472.85,23.624796968056316
2023-03-11,410548.3333333333,425260.11666666664,15.9346604805597
2023-03-11,408652.43333333335,424029.26666666666,20.704899354348655
2023-03-11,406973.13333333336,423011.9666666667,24.326205146792304
2023-03-12,405340.9,421946.4,20.926541490731594
2023-03-12,403799.36666666664,420720.76666666666,22.738178838951313
2023-03-12,403036.7,419965.4166666667,45.40348736029652
2023-03-13,403166.43333333335,419254.7166666667,49.34788534524334
2023-03-13,404201.36666666664,419093.45,65.28352985658638
2023-03-13,405330.76666666666,419009.93333333335,65.27742355351913
2023-03-14,406507.56666666665,419115.31666666665,67.60939883017413
2023-03-14,408636.86666666664,419819.18333333335,88.77855589638436
2023-03-14,409995.5333333333,419990.7166666667,79.43700525264482
2023-03-15,411630.2,420211.23333333334,82.82128016879454
2023-03-15,413125.7,420528.1666666667,80.92255458643095
2023-03-15,414463.3333333333,420765.0333333333,78.07577993180229
2023-03-16,416010.76666666666,421128.31666666665,78.56990056102627
2023-03-16,417461.7,421620.56666666665,78.56368769456965
2023-03-16,419135.06666666665,422205.1,79.20881342503739
2023-03-17,421383.3,423091.9166666667,81.30067816600325
2023-03-17,423895.4,424190.88333333336,79.55264483627204
2023-03-17,426977.56666666665,425535.3333333333,80.77175739353437
2023-03-18,430280.8,426908.9166666667,77.15891440876997
2023-03-18,433467.6,428210.95,75.31893356357087
2023-03-18,436735.26666666666,429333.85,70.54049425552668
2023-03-19,439920.06666666665,430498.36666666664,62.749799422706275
2023-03-19,443443.3,431778.06666666665,81.67643177619425
2023-03-19,448102.7,433233.73333333334,81.86311389759666
2023-03-20,453253.8,434835.81666666665,84.70196878486075
2023-03-20,458248.76666666666,436260.25,82.00535149598637
2023-03-20,463118.2,437829.31666666665,81.06597321757647
2023-03-21,467899.86666666664,439224.1,77.87512785808012
2023-03-21,472841.26666666666,440746.85,79.06785791089128
2023-03-21,477631.93333333335,442302.5333333333,74.02559217180627
2023-03-22,482505.63333333336,443923.26666666666,71.01097343274178
2023-03-22,487482.5333333333,445640.95,65.35360190763052
2023-03-22,490840.5333333333,446938.61666666664,46.205284077624505
2023-03-23,494059.3,448612.86666666664,49.83489554971092
2023-03-23,496834.43333333335,450517.9,60.657346087809664
2023-03-23,499437.0333333333,452383.9,58.95357635182056
2023-03-24,501858.5333333333,454183.05,55.089589476071666
2023-03-24,503284.06666666665,455960.4666666667,48.04944087614283
2023-03-24,505180.63333333336,457588.0833333333,39.41965122820176
2023-03-25,506849.0,459239.6,44.65749208018571
2023-03-25,508689.4666666667,460907.5833333333,46.029443033858236
2023-03-25,510598.06666666665,462530.7,45.85394420424387
2023-03-26,512316.8,464163.7833333333,40.49976038885466
2023-03-26,514053.63333333336,465757.6666666667,44.22936545179624
2023-03-26,515744.6666666667,467439.86666666664,43.42180082252285
2023-03-27,516869.8333333333,469126.56666666665,40.516905794683574
2023-03-27,517126.3333333333,470510.86666666664,46.011872809371944
2023-03-27,516920.1,471948.8333333333,45.784183155758505
2023-03-28,516490.6,473385.7,27.916232703466747
2023-03-28,516056.8,474762.2,28.279136365349103
2023-03-28,515982.5,476358.88333333336,32.5454062195446
2023-03-29,516448.13333333336,478184.1,49.164966482075194
2023-03-29,516765.7,480104.5,59.78451011656888
2023-03-29,516784.3333333333,482443.51666666666,59.0575256107171
2023-03-30,516784.06666666665,485018.93333333335,60.51555636617877
2023-03-30,516740.7,487494.73333333334,54.991574818375184
2023-03-30,516583.4,489850.8,52.96468213925328
2023-03-31,516258.7,492079.2833333333,44.93871526663672
2023-03-31,515985.93333333335,494413.6,50.324216669368475
2023-03-31,515789.6666666667,496710.8,50.697006263287946
2023-04-01,515563.73333333334,499034.68333333335,62.0704366854296
2023-04-01,515172.0,501327.26666666666,60.04243788441411
2023-04-01,515603.63333333336,503222.0833333333,64.66280550670143
2023-04-02,515917.26666666666,504988.2833333333,67.52533248891703
2023-04-02,515600.86666666664,506217.65,59.96959914752249
2023-04-02,515437.13333333336,507437.0833333333,48.37933961120317
2023-04-03,515138.73333333334,508498.63333333336,40.022259087377414
2023-04-03,514982.86666666664,509133.4666666667,41.32221217848632
2023-04-03,514951.76666666666,510066.2,30.41863536014195
2023-04-04,514984.9,510916.95,42.7698720712951
2023-04-04,515056.23333333334,511872.85,50.5856145507992
2023-04-04,515287.73333333334,512942.9,63.48941663752992
2023-04-05,515662.8333333333,513989.81666666665,58.497661194166746
2023-04-05,515679.8,514866.7166666667,46.72198948688529
2023-04-05,515739.6666666667,515742.1666666667,48.21701807619492
2023-04-06,515747.93333333335,516308.88333333336,47.885437593365275
2023-04-06,516402.5,516764.4166666667,51.94280828424853
2023-04-06,516921.56666666665,516920.8333333333,50.98496328243385
2023-04-07,517513.23333333334,517001.9166666667,54.34080405506137
2023-04-07,518243.76666666666,517150.2833333333,54.65179408716253
2023-04-07,518746.5333333333,517364.51666666666,55.423194354071775
2023-04-08,518858.86666666664,517653.5,58.1130655629762
2023-04-08,518799.4666666667,517782.5833333333,65.66751700680271
2023-04-08,518704.43333333335,517744.38333333336,60.75657432147377
2023-04-09,518404.1666666667,517594.11666666664,54.17974943264837
2023-04-09,518441.23333333334,517590.9666666667,52.25925566028568
2023-04-09,518812.73333333334,517698.06666666665,56.36379785060841
2023-04-10,519480.7,517869.7,70.54381197727353
2023-04-10,520130.6666666667,518058.3,76.12209285693852
2023-04-10,521276.56666666665,518533.11666666664,84.72937384536772
2023-04-11,522746.6,519155.1666666667,86.49752367712225
2023-04-11,524203.43333333335,519687.7166666667,86.70394370122631
2023-04-11,525635.0,520619.31666666665,90.46425002271282
2023-04-12,527009.6,521463.43333333335,87.36616316377663
2023-04-12,528481.4666666667,522041.1666666667,87.90011062548739
2023-04-12,529945.4,522691.26666666666,87.23990208078335
2023-04-13,531555.4666666667,523347.1,88.0078673784771
2023-04-13,533110.8333333334,524046.85,88.81138709311557
2023-04-13,534765.3333333334,524858.55,86.51848850913376
2023-04-14,536695.3666666667,525840.1333333333,88.80495450722532
2023-04-14,538311.7,526683.9666666667,80.05748677962872
2023-04-14,539871.1666666666,527579.45,79.58838863321856
2023-04-15,541383.9666666667,528523.4,77.67275671489422
2023-04-15,543077.1333333333,529378.4666666667,66.90480226672801
2023-04-15,544650.9333333333,530195.3,52.70767121580357
2023-04-16,546285.4333333333,531016.6833333333,55.65089482716352
2023-04-16,547778.9333333333,532090.7166666667,55.32589476251448
2023-04-16,549241.7666666667,533081.6666666666,55.32252164370199
2023-04-17,550533.2333333333,534023.2333333333,47.490448526717955
2023-04-17,551528.9333333333,534886.35,38.57222283998666
2023-04-17,552668.6666666666,535707.6,39.24910922447544
2023-04-18,553932.3666666667,536395.6166666667,48.23108697315077
2023-04-18,555290.6333333333,537045.05,52.75768449431376
2023-04-18,556734.4333333333,537719.4333333333,41.90015877463342
2023-04-19,558106.2,538255.1833333333,44.267107405397404
2023-04-19,558917.4666666667,538679.35,31.515077009536185
2023-04-19,559209.1,539010.9166666666,23.715697750032504
2023-04-20,559544.2666666667,539512.4833333333,26.82954020608706
2023-04-20,559217.0666666667,539673.8666666667,23.249009784843835
2023-04-20,558149.7,539713.1333333333,20.283938739956838
2023-04-21,556772.8333333334,539759.7166666667,21.78552237660243
2023-04-21,555331.8,539767.6166666667,21.54624826015437
2023-04-21,553398.2666666667,539516.6333333333,19.738718165694877
2023-04-22,551618.0666666667,539313.8333333334,24.361442532893534
2023-04-22,550046.1666666666,539263.8166666667,26.405459578123512
2023-04-22,548653.1,539299.25,25.3301698362164
2023-04-23,547176.7333333333,539366.1,22.615615837583462
2023-04-23,545552.1333333333,539331.4833333333,19.878777853919047
2023-04-23,544041.1333333333,539403.2333333333,21.76430147990014
2023-04-24,542157.7,539426.5333333333,27.405983419440105
2023-04-24,540310.0333333333,539310.8666666667,29.048073861827447
2023-04-24,538599.3,539235.2333333333,30.94216258928155
2023-04-25,536715.1,539049.5333333333,36.17410520214462
2023-04-25,534955.6666666666,539016.4,43.49398281898712
2023-04-25,533782.2,539216.5666666667,55.85879117594309
2023-04-26,532638.5,539461.9666666667,59.49197458367212
2023-04-26,532465.2666666667,540122.1,84.93478773438567
2023-04-26,531444.2333333333,540343.0,62.515127547860224
2023-04-27,530943.4333333333,540738.3333333334,63.874220536509654
2023-04-27,530816.4666666667,541172.7,63.022184621169394
2023-04-27,530828.5666666667,541748.6166666667,65.67015311623894
2023-04-28,530703.1333333333,542317.75,69.6844104034106
2023-04-28,530174.6,542732.6166666667,63.73772773171994
2023-04-28,529741.4,543237.9166666666,64.98275113285315
2023-04-29,529479.1666666666,543792.6833333333,67.87305818166674
2023-04-29,529761.6,544339.5333333333,66.66207940549094
2023-04-29,530324.0666666667,544766.5833333334,67.87100705022195
2023-04-30,530812.2666666667,545178.2666666667,67.08839315964977
2023-04-30,531913.6666666666,545565.3666666667,64.26794443637772
2023-04-30,532948.1,545548.9,59.01451138868479
2023-05-01,533659.2666666667,545216.05,40.039673543414196
2023-05-01,534143.5,544737.65,50.13056683034827
2023-05-01,535093.9333333333,544246.1,43.13309477817537
2023-05-02,535877.7666666667,543747.9166666666,38.247076568759425
2023-05-02,536878.4666666667,543462.3166666667,42.533506399420425
2023-05-02,537722.8666666667,543187.9833333333,40.95617653444158
2023-05-03,538599.5333333333,542888.1333333333,47.911980262680494
2023-05-03,539258.3333333334,542405.2333333333,35.36232815109855
2023-05-03,540267.2666666667,542154.2,43.951758905941006
2023-05-04,541295.9333333333,541726.8166666667,44.6824377511704
2023-05-04,542404.4,541357.2166666667,43.25446355890812
2023-05-04,543310.0666666667,540954.6833333333,42.03164381573218
2023-05-05,544448.1,540581.6,40.38756428871911
2023-05-05,545726.9666666667,540341.3166666667,50.36455335361675
2023-05-05,546451.1,540116.65,56.30391150469595
2023-05-06,547130.7,539884.6,66.30643993572426
2023-05-06,546362.6666666666,539413.9666666667,53.375218547000046
2023-05-06,546669.1666666666,539056.7,58.15706463109885
2023-05-07,546729.5333333333,538836.4833333333,51.584003539319625
2023-05-07,546694.6333333333,538755.55,51.05971794093689
2023-05-07,546158.7,538493.6333333333,44.750692908536074
2023-05-08,545161.4333333333,537932.2833333333,45.349315554294634
2023-05-08,544449.8,537312.2,33.89532547548889
2023-05-08,543468.1,536604.75,31.049455636793198
2023-05-09,542411.0666666667,535945.1166666667,31.911402789171447
2023-05-09,541343.1333333333,535552.3666666667,32.76396469240618
2023-05-09,540434.4,535379.2333333333,32.90524298609827
2023-05-10,539626.8,535219.5333333333,28.168304358780546
2023-05-10,539003.0333333333,535458.35,41.90933254577673
2023-05-10,538269.1666666666,535608.6333333333,35.38891882875254
2023-05-11,537813.8,535736.5333333333,43.55006297229219
2023-05-11,537683.2666666667,535913.3833333333,39.00522224301291
2023-05-11,537436.5666666667,536265.25,35.65723633564279
2023-05-12,537070.6666666666,536474.2166666667,31.85108122166902
2023-05-12,536197.2333333333,536537.85,34.08183712091092
2023-05-12,535513.9666666667,536618.4166666666,48.113524783105795
2023-05-13,534887.6333333333,536743.5833333334,50.213942027537755
2023-05-13,534646.9333333333,536952.6333333333,53.548501507359454
2023-05-13,533975.3,537121.2833333333,52.50017386466375
2023-05-14,533320.5333333333,537308.2333333333,54.02572898799313
2023-05-14,532827.7,537616.05,52.256007410178306
2023-05-14,532280.2666666667,537795.1666666666,46.24049563503238
2023-05-15,531727.6333333333,538087.8666666667,37.735195189073494
2023-05-15,530942.6666666666,538334.8166666667,48.684867435688574
2023-05-15,530018.6,538234.85,43.17447685033473
2023-05-16,529140.5333333333,538135.6166666667,45.56360293293271
2023-05-16,528597.7,537480.1833333333,45.38246789503071
2023-05-16,527837.4333333333,537253.3,50.143125061691826
2023-05-17,527069.8333333334,536899.6833333333,57.112648981161094
2023-05-17,526313.2,536503.9166666666,48.56060606060606
2023-05-17,526147.7333333333,536153.2166666667,58.42119275825346
2023-05-18,526476.3333333334,535818.8833333333,62.59938691445541
2023-05-18,526617.6,535533.7,55.4626662988818
2023-05-18,526698.9666666667,535083.5333333333,48.38508590797522
2023-05-19,526836.4666666667,534623.7666666667,46.85067800690042
2023-05-19,527063.3,534203.2166666667,52.862824708953056
2023-05-19,527111.0,533772.7,47.31873546545094
2023-05-20,527076.7666666667,533351.7833333333,48.02362562471604
2023-05-20,526662.6333333333,532832.8333333334,55.344301054083346
2023-05-20,526683.1333333333,532476.15,55.17096447202512
2023-05-21,526696.9666666667,532255.3833333333,61.77333628612556
2023-05-21,526650.9666666667,532167.1166666667,61.764787289988654
2023-05-21,526599.7333333333,532018.15,54.49826557859799
2023-05-22,526745.4333333333,531908.05,53.38378544218035
2023-05-22,526988.5666666667,531592.9,37.88593013454875
2023-05-22,526946.0333333333,531230.0,27.081477420681153
2023-05-23,527150.3666666667,531019.0,53.404733990303875
2023-05-23,527333.3,530990.1166666667,63.220675944334
2023-05-23,527471.5,530723.4,55.248378564440735
2023-05-24,527288.3666666667,530304.45,38.74167283493708
2023-05-24,526778.7666666667,529803.2333333333,32.423927049261565
2023-05-24,526421.2666666667,529350.7666666667,32.7836931874199
2023-05-25,525826.0666666667,528776.85,28.908533198077436
2023-05-25,525575.0333333333,528258.85,40.8016733372217
2023-05-25,525638.4666666667,527828.5333333333,45.9992632160619
2023-05-26,525640.4,527390.4666666667,47.62971187684664
2023-05-26,525887.9333333333,527242.8166666667,54.67412771560236
2023-05-26,526164.2333333333,527000.8333333334,53.87184704572504
2023-05-27,526492.8,526781.3166666667,57.37779895188184
2023-05-27,526749.5,526531.35,57.77415331478461
2023-05-27,526746.3666666667,526447.05,50.115609557056715
2023-05-28,526813.5666666667,526644.95,57.071213640922764
2023-05-28,527146.3,526881.95,61.27985542069702
2023-05-28,528016.5,527357.7333333333,79.37102723063643
2023-05-29,528915.9,527876.1833333333,91.85205784204672
2023-05-29,529632.1,528347.7,85.50112669765932
2023-05-29,530430.2666666667,528770.6333333333,89.92716973497876
2023-05-30,531312.1666666666,529194.4666666667,88.20309908543808
2023-05-30,532089.6666666666,529376.15,82.75940996948118
2023-05-30,532769.6666666666,529726.4,80.74464084242196
2023-05-31,533206.9,529951.9333333333,66.00311112113081
2023-05-31,533513.8666666667,530082.4166666666,59.58724278997823
2023-05-31,534012.0,530305.8666666667,58.97859681018098
2023-06-01,534458.5,530601.9666666667,58.553994462106445
2023-06-01,534784.9,530886.7333333333,52.00195956512727
2023-06-01,535120.0,531033.0166666667,44.41960087765124
2023-06-02,535256.8333333334,531203.6,46.23190749575483
2023-06-02,535430.5,531381.9,32.40488957788
2023-06-02,535725.6,531598.55,29.93888947423875
2023-06-03,536336.9666666667,531812.6666666666,34.97764114030184
2023-06-03,537221.8666666667,532000.3166666667,33.42585703657072
2023-06-03,537970.6,532195.9333333333,24.402268387905735
2023-06-04,538828.2333333333,532327.15,28.10582933565925
2023-06-04,539310.4666666667,532442.75,28.090312082292087
2023-06-04,539624.2333333333,532631.35,35.30421444744724
2023-06-05,539712.4666666667,532676.4333333333,34.02076368115432
2023-06-05,539046.9666666667,532467.45,17.85050125045423
2023-06-05,538196.8,532180.5166666667,16.1941514117282
2023-06-06,537269.0,531880.9,17.926371149511652
2023-06-06,536542.8333333334,531646.1666666666,26.493017728038026
2023-06-06,536458.3,531602.3333333334,45.16924986332945
2023-06-07,536000.3,531406.9333333333,41.741158181111544
2023-06-07,535134.2,531140.25,35.421327367636096
2023-06-07,533891.6333333333,530954.0666666667,34.21453865827267
2023-06-08,532572.2,530744.05,33.12584370781461
2023-06-08,531410.1,530521.1,35.69654925250872
2023-06-08,530057.7666666667,530244.0166666667,33.315919748249314
2023-06-09,528568.0666666667,529940.1166666667,33.2815606361829
2023-06-09,527015.8333333334,529552.75,31.9675848570201
2023-06-09,525524.5,529147.0833333334,35.39803791323898
2023-06-10,524171.1666666667,528689.0333333333,44.79631425800194
2023-06-10,522828.1,528170.9833333333,45.58629992761729
2023-06-10,521467.1666666667,527739.5833333334,46.49011161151361
2023-06-11,520086.6,527272.55,40.30399313009875
2023-06-11,518891.4,526838.15,9.297774066438762
2023-06-11,517803.73333333334,526461.8666666667,15.930373161609623
2023-06-12,516367.3333333333,525812.0833333334,17.611216464078097
2023-06-12,514805.56666666665,525118.0333333333,16.30075101430093
2023-06-12,513203.23333333334,524464.4166666666,15.819811511081653
2023-06-13,511776.7,524056.8333333333,26.48931618553847
2023-06-13,510104.93333333335,523663.4,24.930715114764197
2023-06-13,508613.73333333334,523292.1666666667,29.235842095554318
2023-06-14,507081.9666666667,522955.1,31.85278231377967
2023-06-14,505426.76666666666,522368.61666666664,27.017148636844283
2023-06-14,503279.4666666667,521451.85,21.225145829194744
2023-06-15,501267.1666666667,520489.81666666665,22.316952757101618
2023-06-15,499869.23333333334,519458.1,20.65039426388391
2023-06-15,499059.7,518628.25,35.84890605301375
2023-06-16,498218.0333333333,517743.51666666666,34.84917553484132
2023-06-16,497344.1666666667,516943.5,36.79258231284218
2023-06-16,496104.2,516281.25,49.520259030418245
2023-06-17,495257.5333333333,515628.9166666667,56.72718054166725
2023-06-17,494646.56666666665,514890.38333333336,53.944231644925395
2023-06-17,494126.5333333333,514009.0833333333,51.0804466889537
2023-06-18,493637.4,513104.8,56.46847011794144
2023-06-18,493119.4666666667,512264.7833333333,55.35753403223283
2023-06-18,492583.0,511320.38333333336,52.23843132622626
2023-06-19,492082.8333333333,510325.45,56.12527496874456
2023-06-19,491822.6,509419.2166666667,75.58549825513765
2023-06-19,491731.73333333334,508628.11666666664,81.50053435252775
2023-06-20,491804.7,507987.93333333335,83.88750022478376
2023-06-20,492225.13333333336,507526.61666666664,81.88178674701231
2023-06-20,493370.43333333335,507418.8,89.09671855339244
2023-06-21,494972.86666666664,507529.73333333334,90.16602483996837
2023-06-21,497035.7,507963.55,90.74334137529557
2023-06-21,499035.2,508419.4666666667,89.92922249209956
2023-06-22,501367.23333333334,508867.2833333333,94.78296663170055
2023-06-22,503823.2,509314.38333333336,94.67001288747203
2023-06-22,506334.56666666665,509768.9,94.70156700919708
2023-06-23,508781.6,510279.15,94.97081562644001
2023-06-23,512291.8,511198.36666666664,100.0
2023-06-23,515371.9666666667,511992.85,90.30876332353418
2023-06-24,518516.9,512799.43333333335,90.15860515375176
2023-06-24,521722.0333333333,513574.4,87.20522205033393
2023-06-24,525490.7,514385.0833333333,87.2196886895564
2023-06-25,529465.6,515366.38333333336,87.03300065007075
2023-06-25,533379.8,516624.51666666666,80.4608229988726
2023-06-25,536831.4666666667,517945.5833333333,74.89972027233863
2023-06-26,540186.6666666666,519202.35,64.80766893534273
2023-06-26,543395.4,520369.7833333333,64.36975044725432
2023-06-26,546161.2,521132.7,59.15870547285788
2023-06-27,548725.8666666667,521991.7,59.427327035696415
2023-06-27,551443.8666666667,523045.2166666667,58.98984190252391
2023-06-27,554216.5666666667,524171.55,58.496018784713335
2023-06-28,556778.1666666666,525207.7833333333,28.107124854807253
2023-06-28,559462.8,526291.1333333333,43.582463679148766
2023-06-28,562042.6666666666,527312.8333333334,34.30240425819838
2023-06-29,564880.9,528481.8666666667,46.69151910531221
2023-06-29,567700.8,529761.7,47.953713777074476
2023-06-29,570283.1666666666,531007.45,42.69329600768796
2023-06-30,573120.2,532462.45,54.96783020263275
2023-06-30,575362.7333333333,533793.9333333333,46.30780493123374
2023-06-30,577058.4,535214.4166666666,54.17113673108596
2023-07-01,578415.0666666667,536693.9666666667,55.51435690555292
2023-07-01,579391.3,538213.5,60.751922960450614
2023-07-01,580396.0666666667,539715.6333333333,60.843819393042196
2023-07-02,581221.0333333333,541294.1333333333,57.809844711397595
2023-07-02,581978.3666666667,542900.7833333333,54.07922588448746
2023-07-02,582744.0333333333,544539.3,59.90239545788013
2023-07-03,583379.1,546080.35,57.4318947564465
2023-07-03,583347.4666666667,547819.6333333333,68.85986075687599
2023-07-03,583686.6666666666,549529.3166666667,64.26664557337499
2023-07-04,583885.4333333333,551201.1666666666,59.07763105242097
2023-07-04,584088.5333333333,552905.2833333333,57.28059284550322
2023-07-04,584126.9333333333,554808.8166666667,44.545234373279904
2023-07-05,584095.9666666667,556780.7833333333,63.3799971135806
2023-07-05,583981.7333333333,558680.7666666667,46.44983429627239
2023-07-05,584012.7333333333,560422.1,47.060017396346765
2023-07-06,584413.5333333333,562300.1,52.87878396861854
2023-07-06,584910.0666666667,564152.7333333333,54.61008775200735
2023-07-06,585218.2,565689.7,46.66694990865446
2023-07-07,585530.9,567128.3833333333,49.43598117788616
2023-07-07,585801.3,568622.5833333334,46.937014667817074
2023-07-07,585942.5333333333,570079.55,46.06543474379575
2023-07-08,586205.5666666667,571491.8666666667,36.19599970258012
2023-07-08,586359.3333333334,572911.0666666667,37.066373303997075
2023-07-08,586778.7666666667,574410.7166666667,40.74074074074074
2023-07-09,586940.3333333334,575910.6166666667,43.87522397784655
2023-07-09,586959.0333333333,577329.9166666666,46.198044708707336
2023-07-09,586973.9333333333,578628.55,41.85392443967642
2023-07-10,586547.3666666667,579833.7833333333,43.92076918395911
2023-07-10,586690.9,581026.8166666667,48.077302307237225
2023-07-10,586628.3333333334,581843.3666666667,35.35374720357942
2023-07-11,586575.0,582495.0333333333,33.7797192781438
2023-07-11,586314.6333333333,582852.9666666667,43.43262280742139
2023-07-11,585916.6,583156.3333333334,35.33869405969773
2023-07-12,585747.2666666667,583484.15,45.36358305233836
2023-07-12,585326.7333333333,583652.55,34.18022147966087
2023-07-12,584560.3666666667,583652.2,28.63853024202878
2023-07-13,583818.1666666666,583598.6333333333,29.234546372355567
2023-07-13,582991.3333333334,583169.4,33.2185700056299
2023-07-13,582455.4,583071.0333333333,44.114449316855726
2023-07-14,581871.4666666667,582878.45,42.196030851893575
2023-07-14,581577.7666666667,582833.15,48.5979962229122
2023-07-14,580812.4,582469.6666666666,40.03348758717979
2023-07-15,580040.6333333333,582068.3,37.50480901346524
2023-07-15,579471.4,581726.5666666667,37.96724983269827
2023-07-15,578800.1,581406.4166666666,35.80705265337106
2023-07-16,577900.2,581156.8666666667,37.71928553838131
2023-07-16,576980.4,580945.2333333333,41.20445373943268
2023-07-16,576358.7333333333,580788.4666666667,37.08730060591073
2023-07-17,575583.0333333333,580556.9666666667,40.55232558139535
2023-07-17,574787.4,580294.35,46.468480681708144
2023-07-17,573977.2666666667,579959.9,44.539959177264876
2023-07-18,573055.9333333333,579630.75,36.65737310468625
2023-07-18,571997.1333333333,579178.2333333333,21.724902581325765
2023-07-18,570809.2,578793.9833333333,22.1284154203763
2023-07-19,569784.2333333333,578362.2833333333,20.32890603966615
2023-07-19,568828.1,577893.5666666667,35.03409861820259
2023-07-19,567848.6333333333,577411.2833333333,29.141730620291483
2023-07-20,567132.1,576839.7333333333,36.78590496529632
2023-07-20,566124.0666666667,576407.4833333333,33.56833748889461
2023-07-20,565055.9666666667,575842.15,31.690486580842247
2023-07-21,563971.0666666667,575273.0333333333,30.579039277101757
2023-07-21,563033.3666666667,574674.0,32.96126429794994
2023-07-21,562289.6666666666,574103.1333333333,41.50900709821554
2023-07-22,561450.3,573598.7833333333,44.57712285456188
2023-07-22,560902.3666666667,573114.55,44.89523213828789
2023-07-22,560579.9333333333,572570.15,49.22534991739144
2023-07-23,560269.6666666666,572043.9166666666,57.12789632150805
2023-07-23,559788.6666666666,571390.0,59.772633885769075
2023-07-23,559155.0333333333,570805.2166666667,59.1231732776618
2023-07-24,558479.0666666667,570175.2666666667,49.09316244483406
2023-07-24,556998.6666666666,569288.2166666667,32.968616783727825
2023-07-24,556053.3666666667,568432.8833333333,26.40707508693599
2023-07-25,555082.6333333333,567561.6333333333,30.25107023024414
2023-07-25,554066.0666666667,566768.7333333333,30.963264726084176
2023-07-25,553021.9333333333,565911.0166666667,27.39447482821484
2023-07-26,552117.6666666666,565008.9333333333,32.7277058339469
2023-07-26,551178.7666666667,564079.5833333334,29.923302503947667
2023-07-26,550259.6333333333,563309.1833333333,27.996774565142275
2023-07-27,549484.4666666667,562533.75,29.44468556547959
2023-07-27,548592.8666666667,561690.1333333333,27.71923788224163
2023-07-27,547828.6666666666,560902.9666666667,30.03621830897964
2023-07-28,547287.8333333334,560171.8833333333,33.64449146389529
2023-07-28,546801.4666666667,559399.3,25.84945285730076
2023-07-28,546312.0666666667,558560.6333333333,27.061491818834043
2023-07-29,545743.5,557763.8666666667,51.63292555302948
2023-07-29,545114.7,556971.4,52.02152414194299
2023-07-29,544585.3,556216.9666666667,52.50161975379742
2023-07-30,543899.7666666667,555515.9333333333,52.74081573618745
2023-07-30,543385.9333333333,554755.0,58.30342455510693
2023-07-30,542895.5666666667,553975.7666666667,47.864007790338285
2023-07-31,542417.1,553194.0833333334,49.590633699033894
2023-07-31,541908.7666666667,552471.0666666667,49.97937463905618
2023-07-31,541312.1666666666,551800.9166666666,48.627351296390444
2023-08-01,540550.0333333333,551000.1666666666,50.091647028017796
2023-08-01,540039.3,550470.8333333334,57.463269481123305
2023-08-01,539991.7,550285.8166666667,69.23490799526525
2023-08-02,539997.1,550133.3833333333,74.57875646335503
2023-08-02,539974.1666666666,549881.4166666666,75.73406478578893
2023-08-02,539584.7333333333,549369.8833333333,62.600275312099484
2023-08-03,539471.3666666667,548975.2166666667,66.78790069351888
2023-08-03,540122.2,548560.4333333333,69.39060190293769
2023-08-03,540691.2,548372.2833333333,65.34585522704103
2023-08-04,541410.0,548246.3166666667,68.01483894317771
2023-08-04,541887.3,547976.6833333333,60.411476332074265
2023-08-04,542385.0,547703.4666666667,58.041448933037806
2023-08-05,542716.0,547416.8333333334,57.380038387715935
2023-08-05,542955.1,547066.9333333333,55.65598892294289
2023-08-05,543223.7666666667,546741.7,59.671482093483625
2023-08-06,543503.4666666667,546493.9666666667,55.19485240657263
2023-08-06,543889.2333333333,546241.05,41.28574975734182
2023-08-06,544179.7333333333,546004.2,37.16087261131109
2023-08-07,544505.7,545896.7666666667,43.65364358900699
2023-08-07,544884.2,545842.8333333334,51.6829440905874
2023-08-07,545570.6,545941.3333333334,55.443011538662354
2023-08-08,546246.8333333334,545995.1666666666,52.32801720526213
2023-08-08,547319.0,546216.85,68.88619572563917
2023-08-08,548434.4,546509.85,66.61498449534861
2023-08-09,549612.7,546756.2333333333,84.14611982795178
2023-08-09,550851.9,547118.9166666666,88.6264292951223
2023-08-09,551901.6333333333,547398.6,75.26242041348115
2023-08-10,552831.0333333333,547624.0666666667,75.18110158878275
2023-08-10,553645.4666666667,547777.1166666667,68.82059303903752
2023-08-10,554512.9333333333,547912.55,69.26042682511964
2023-08-11,555502.7666666667,548026.4,71.16325674605024
2023-08-11,556240.7,548140.0,70.29896619167366
2023-08-11,556601.3,548296.5,68.7743262098847
2023-08-12,556875.9333333333,548436.5166666667,69.2663534513914
2023-08-12,557258.2333333333,548616.2,64.65600842315258
2023-08-12,557867.4666666667,548726.1,62.61430246189918
2023-08-13,558339.9333333333,548905.65,43.540393193457795
2023-08-13,558679.5333333333,549400.8666666667,39.76115982902216
2023-08-13,559088.3666666667,549889.7833333333,33.98154536046913
2023-08-14,559409.7,550409.85,33.418855453122276
2023-08-14,560135.4,551011.35,58.0184468908063
2023-08-14,560844.3333333334,551614.6666666666,58.28725153190853
2023-08-15,561719.8,552217.9,76.4430204198747
2023-08-15,562521.2666666667,552738.1833333333,61.35553933982916
2023-08-15,563268.3,553246.0333333333,59.43698282672876
2023-08-16,563899.2,553701.3333333334,54.80197830004217
2023-08-16,564480.0666666667,554184.65,48.025825676682395
2023-08-16,564912.8333333334,554546.2833333333,40.6909424530988
2023-08-17,565133.7,554819.7,35.23590534679978
2023-08-17,564893.5666666667,554888.8833333333,24.603772006858193
2023-08-17,563720.1,554645.35,17.11762823310349
2023-08-18,562240.8,554243.8166666667,14.629580101631461
2023-08-18,559979.9,553649.45,12.755786159855418
2023-08-18,557742.3666666667,553088.3833333333,13.16785034582
2023-08-19,555422.4,552517.55,8.782100421617486
2023-08-19,553234.8333333334,552043.3666666667,15.979567851008056
2023-08-19,551252.8333333334,551577.2333333333,11.610372168094145
2023-08-20,549319.8333333334,551075.4333333333,12.131470425309288
2023-08-20,547457.8333333334,550551.65,12.074542380357272
2023-08-20,545546.0,550029.4666666667,12.65884960767768
2023-08-21,543499.5,549501.1333333333,12.445671689842627
2023-08-21,541415.5333333333,548828.1166666667,12.858202845154025
2023-08-21,539386.8,547994.05,16.170842144868118
2023-08-22,537215.5333333333,547045.7333333333,18.63942933197744
2023-08-22,534862.3,546060.2666666667,25.057295645530942
2023-08-22,532570.5666666667,545219.0166666667,32.507046004305266
2023-08-23,530332.9,544336.4166666666,46.332558911384
2023-08-23,527813.6666666666,543246.6,32.636016544702514
2023-08-23,525567.1,542327.7333333333,43.91016680644861
2023-08-24,523374.7,541392.2,40.377900497758844
2023-08-24,520879.9,540507.65,36.42761394101877
2023-08-24,518585.76666666666,539715.05,42.267361611833294
2023-08-25,516081.23333333334,538900.5166666667,41.65803740025583
2023-08-25,513622.9666666667,538072.1166666667,39.27218614718615
2023-08-25,511237.36666666664,537252.8333333334,44.223671259842526
2023-08-26,508991.7,536445.45,47.608367654854625
2023-08-26,506855.63333333336,535667.85,45.39620476423213
2023-08-26,504844.6,534878.7166666667,48.76951876540955
2023-08-27,502953.76666666666,534043.7333333333,54.75346274519807
2023-08-27,501590.0,533241.7833333333,54.54475565692028
2023-08-27,500915.43333333335,532317.7666666667,52.13458663761433
2023-08-28,500451.8333333333,531346.3166666667,63.538675312644735
2023-08-28,500428.56666666665,530204.2333333333,55.32349602724177
2023-08-28,500317.6,529029.9833333333,47.70825029892387
2023-08-29,500138.36666666664,527780.3833333333,51.53805673826724
2023-08-29,500571.6666666667,526903.25,75.8089552238806
2023-08-29,501212.0,526232.4166666666,82.14450981688373
2023-08-30,501770.0,525544.9166666666,81.76255126883513
2023-08-30,502232.13333333336,524844.9833333333,74.2315615986815
2023-08-30,502754.36666666664,524150.18333333335,74.34572155221922
2023-08-31,503440.0,523469.75,74.47867782085288
2023-08-31,504130.4,522772.9666666667,72.9645991164771
2023-08-31,504047.93333333335,521717.36666666664,51.48660499589805
2023-09-01,504050.6,520633.06666666665,49.320332664181244
2023-09-01,504143.56666666665,519502.93333333335,48.733352224426184
2023-09-01,504136.26666666666,518353.4166666667,48.53530507422249
2023-09-02,504146.73333333334,517239.81666666665,49.00803914715134
2023-09-02,504465.56666666665,516139.61666666664,49.859774539455586
2023-09-02,504503.0,515035.05,50.89245621912887
2023-09-03,504422.1666666667,513898.43333333335,25.21742846763682
2023-09-03,504478.63333333336,512679.26666666666,14.852376664613061
2023-09-03,504480.43333333335,511533.1,21.11145606954362
2023-09-04,504521.56666666665,510301.4,22.944947699016282
2023-09-04,504728.2,509175.5833333333,23.49500051541078
2023-09-04,504956.3,508096.8333333333,25.80846703653721
2023-09-05,505239.0,507115.35,32.67653839754712
2023-09-05,505436.1,506145.86666666664,58.64687313369166
2023-09-05,505647.4,505246.0,61.52511456155181
2023-09-06,505914.4,504434.0833333333,70.10244428468727
2023-09-06,505947.43333333335,503768.7166666667,58.9934586153439
2023-09-06,506084.93333333335,503500.18333333335,60.10814389759435
2023-09-07,506328.5,503390.1666666667,61.54391688238006
2023-09-07,506439.1666666667,503433.86666666664,58.435742904279316
2023-09-07,506837.5333333333,503577.56666666665,67.53963871578449
2023-09-08,507265.1,503701.73333333334,64.87018890797052
2023-09-08,506657.63333333336,503614.65,53.890093492807345
2023-09-08,505901.73333333334,503556.86666666664,56.10332993228829
2023-09-09,505247.43333333335,503508.7166666667,53.82363702890597
2023-09-09,504721.8,503476.9666666667,51.15624524570212
2023-09-09,504144.13333333336,503449.25,47.15951172678645
2023-09-10,503529.5,503484.75,49.48477347302976
2023-09-10,502934.4666666667,503532.43333333335,48.28841540849443
2023-09-10,503001.76666666666,503524.85,44.37436713438449
2023-09-11,503004.1,503527.35,47.12859118144108
2023-09-11,502574.1,503358.8333333333,29.339541830481664
2023-09-11,502187.8333333333,503162.05,25.823707085379638
2023-09-12,502304.4,503225.56666666665,48.89686289835507
2023-09-12,502489.6666666667,503477.61666666664,43.524607864308294
2023-09-12,502506.2,503504.6,40.01913322864208
2023-09-13,502573.1,503497.63333333336,47.13689579228005
2023-09-13,502847.7,503663.1666666667,51.115676641357744
2023-09-13,502994.86666666664,503737.65,49.86947914294223
2023-09-14,503314.9,503918.23333333334,53.7022182205124
2023-09-14,503850.2,504289.2,59.238119946383016
2023-09-14,504212.26666666666,504584.2833333333,56.87872790932617
2023-09-15,504561.73333333334,504900.36666666664,59.230088020609706
2023-09-15,504847.5,505141.8,56.828188161384176
2023-09-15,505188.43333333335,505417.9166666667,60.03611667255525
2023-09-16,505472.8,505693.6,74.68593066909362
2023-09-16,505915.4,505931.4166666667,74.15798143889351
2023-09-16,506284.6,506184.76666666666,64.46125600017697
2023-09-17,506567.9666666667,506448.23333333334,61.366806136680616
2023-09-17,506986.23333333334,506712.7,74.19254218063236
2023-09-17,507080.8,506959.1666666667,71.02459867659714
2023-09-18,507338.8,507301.95,68.30368735393404
2023-09-18,508237.43333333335,507447.5333333333,80.1580088093407
2023-09-18,508728.63333333336,507315.18333333335,60.45903486009695
2023-09-19,509337.43333333335,507292.43333333335,55.97930756483182
2023-09-19,510211.2,507466.5,66.60743826971387
2023-09-19,510952.6,507548.36666666664,59.79414797888905
2023-09-20,511666.8333333333,507598.1666666667,63.39507760912443
2023-09-20,512256.23333333334,507595.35,56.31335100248852
2023-09-20,512900.23333333334,507951.0,56.88815237791
2023-09-21,513641.73333333334,508322.9166666667,57.11393521488134
2023-09-21,514614.5,508594.3,49.38813007002704
2023-09-21,515614.06666666665,508900.95,50.4370851934208
2023-09-22,516052.56666666665,509178.48333333334,49.45980433857933
2023-09-22,516304.63333333336,509397.15,48.44031193761248
2023-09-22,516735.13333333336,509620.6666666667,45.03241928947723
2023-09-23,517183.13333333336,509878.11666666664,33.050899742930596
2023-09-23,517487.9,510167.8,44.35521596756588
2023-09-23,517814.6,510404.73333333334,37.834783591366254
2023-09-24,517981.5333333333,510648.2166666667,20.45760430686407
2023-09-24,517877.13333333336,510863.6666666667,25.182842458983984
2023-09-24,517686.36666666664,510949.31666666665,21.26949146883034
2023-09-25,517397.63333333336,510979.68333333335,25.354429388266624
2023-09-25,517190.3333333333,511018.9166666667,21.731227990457796
2023-09-25,516884.93333333335,511036.68333333335,20.83424090612067
2023-09-26,516661.63333333336,511067.2166666667,37.526633120268365
2023-09-26,516500.36666666664,511207.88333333336,38.367620751341676
2023-09-26,516349.5333333333,511317.06666666665,39.50786056049214
2023-09-27,516281.6,511424.7833333333,49.677019732767015
2023-09-27,516307.9666666667,511647.1,60.09483710092793
2023-09-27,516383.2,511732.0,56.636460554371
2023-09-28,516478.1666666667,511908.48333333334,60.16810837277623
2023-09-28,516290.4,512263.9166666667,68.14660413409761
2023-09-28,516450.5333333333,512589.5833333333,67.55518820814822
2023-09-29,516510.36666666664,512923.9,67.63543921124051
2023-09-29,516165.86666666664,513188.5333333333,71.0117222723174
2023-09-29,516006.0,513479.3,72.87271745367401
2023-09-30,515933.5333333333,513800.18333333335,78.13573737030107
2023-09-30,515995.4666666667,514125.85,80.0976460331299
2023-09-30,516026.36666666664,514463.3,77.58240923591069
2023-10-01,516153.8,514897.76666666666,78.5851623435516
2023-10-01,516546.4666666667,515580.48333333334,78.31753984678502
2023-10-01,517350.73333333334,516482.4,84.53851132686084
2023-10-02,518420.1666666667,517236.36666666664,85.9815497288796
2023-10-02,519569.86666666664,517937.25,85.88379898832316
2023-10-02,520448.4,518591.76666666666,67.96029432746988
2023-10-03,521360.3333333333,519271.73333333334,67.2152004338214
2023-10-03,522130.7,519809.3,63.82721673169476
2023-10-03,522932.23333333334,520373.4166666667,63.59359738473498
2023-10-04,523776.13333333336,520878.8333333333,70.41101786098558
2023-10-04,524579.6,521228.36666666664,68.12767562052215
2023-10-04,525788.3666666667,521737.36666666664,71.2424448625065
2023-10-05,526990.5333333333,522194.0833333333,71.80723377645089
2023-10-05,528319.2333333333,522754.7833333333,73.27541066268448
2023-10-05,529565.7666666667,523225.35,66.70037588963729
2023-10-06,530841.7333333333,523751.68333333335,68.82644094544672
2023-10-06,532163.6666666666,524332.0166666667,61.45163436377345
2023-10-06,533435.0666666667,524892.3,51.86076273355516
2023-10-07,534631.7,525456.65,51.623025875816666
2023-10-07,535750.5333333333,526029.25,70.06607201850017
2023-10-07,536843.6333333333,526613.4166666666,65.86551139574308
2023-10-08,537857.6333333333,527167.9,75.70359218834943
2023-10-08,538690.5666666667,527490.4833333333,73.59632039116562
2023-10-08,539544.0666666667,527997.3,72.3947874385815
2023-10-09,540382.7333333333,528446.55,74.60772808275742
2023-10-09,541142.1,528653.9833333333,46.127162739540594
2023-10-09,541914.8,528960.4,51.28896766983931
2023-10-10,542650.0,529291.7666666667,47.36864018652677
2023-10-10,543031.0333333333,529513.25,36.165681225761325
2023-10-10,543379.9333333333,529703.15,27.24688313467597
2023-10-11,543457.0333333333,529805.4166666666,15.792976673427987
2023-10-11,543187.0333333333,529866.75,12.270678913541332
2023-10-11,542521.9666666667,529936.35,15.341476165581497
2023-10-12,541611.0666666667,530015.6166666667,13.143330814052717
2023-10-12,540624.8333333334,530097.35,12.543284978942438
2023-10-12,540053.2,530250.8,16.587074890654293
2023-10-13,539499.6,530429.9666666667,24.1605899559181
2023-10-13,538940.0666666667,530535.3833333333,22.605327063176972
2023-10-13,538441.1,530686.6666666666,25.392018430439947
2023-10-14,538001.0666666667,530888.6,32.82171419339204
2023-10-14,537604.4666666667,531092.0333333333,30.401305603213785
2023-10-14,536959.7,531374.0333333333,29.301180092355054
2023-10-15,536353.5333333333,531672.0333333333,39.66440003102619
2023-10-15,535658.5333333333,531988.8833333333,40.375302663438255
2023-10-15,535250.3666666667,532408.0666666667,53.91877875588415
2023-10-16,535176.7,533009.2166666667,83.13042192429022
2023-10-16,535024.8,533594.2333333333,82.63263390251947
2023-10-16,535121.3,534278.1833333333,84.9116078120178
2023-10-17,535221.9333333333,534926.8166666667,88.44093344229547
2023-10-17,535213.7666666667,535482.15,83.40385411396771
2023-10-17,535192.8333333334,536018.2333333333,80.85628303365957
2023-10-18,535210.5,536534.0666666667,89.07128341822596
2023-10-18,535328.4333333333,537009.5,89.15343915343915
2023-10-18,535438.1666666666,537491.1166666667,87.54175016700067
2023-10-19,535658.8,538020.7666666667,88.46153846153847
2023-10-19,536203.0666666667,538672.5833333334,91.85632297644963
2023-10-19,536638.8,539276.8,89.69907983088784
2023-10-20,537451.0666666667,540050.5333333333,92.85686427457098
2023-10-20,538723.5,540877.2666666667,92.5305872756933
2023-10-20,540181.9666666667,541780.95,90.84341565843415
2023-10-21,541879.8333333334,542668.4333333333,91.11633885480077
2023-10-21,544012.6,543599.8166666667,90.3020836091181
2023-10-21,546060.1666666666,544291.0666666667,88.37007874015748
2023-10-22,548036.7666666667,544823.9166666666,88.53273731264791
2023-10-22,550064.6666666666,545344.75,88.85751233802222
2023-10-22,552072.2666666667,546062.7333333333,88.94648654309351
2023-10-23,554381.9,546940.75,91.40244771621154
2023-10-23,556867.8666666667,547903.9666666667,92.32318843442025
2023-10-23,560752.6333333333,549596.8666666667,95.73831242873432
2023-10-24,565172.1333333333,551586.6,96.36793466580701
2023-10-24,569358.8666666667,553481.6666666666,91.69897215207881
2023-10-24,573748.9333333333,555354.3166666667,91.17872159493551
2023-10-25,578135.6333333333,557244.5833333334,91.03213102156477
2023-10-25,583138.4666666667,559398.5,92.06722803320616
2023-10-25,587746.5666666667,561498.4666666667,86.76513719611549
2023-10-26,592128.7,563652.7,87.19424233585849
2023-10-26,595785.5666666667,565405.1833333333,75.13279265327193
2023-10-26,599339.9666666667,567230.6333333333,76.67094247907102
2023-10-27,602777.2666666667,568999.6,75.2185719962909
2023-10-27,606110.0333333333,570661.9,72.31689359687076
2023-10-27,609491.1666666666,572342.0,69.92529950669486
2023-10-28,613011.7333333333,574111.1166666667,70.76966280590963
2023-10-28,616547.5,575937.9666666667,59.27007577926664
2023-10-28,620054.5,577746.3333333334,49.77160585696459
2023-10-29,623434.9666666667,579546.8833333333,53.47610027306945
2023-10-29,626914.2333333333,581558.65,53.96533677369099
2023-10-29,630454.0666666667,583546.4333333333,53.96757783024609
2023-10-30,633434.2,585442.6333333333,37.94936818293158
2023-10-30,636538.4,587630.95,47.53080149182255
2023-10-30,639398.3333333334,589790.15,40.03039700328533
2023-10-31,642040.4,591960.1166666667,53.5563908230123
2023-10-31,644485.8333333334,594249.2166666667,47.122360805412896
2023-10-31,647149.6,596604.8833333333,55.825092707045734
2023-11-01,649845.1666666666,598940.9666666667,60.70228494623656
2023-11-01,652400.1,601232.3833333333,54.57400247296422
2023-11-01,655413.3666666667,603742.8166666667,61.94696085362445
2023-11-02,657977.5333333333,606179.7166666667,59.92039560969726
2023-11-02,660020.4333333333,608444.15,49.24662965900079
2023-11-02,660732.8,610742.7166666667,52.27355011733154
2023-11-03,660526.7,612849.4166666666,42.7202079205373
2023-11-03,660513.3333333334,614936.1,41.717569106532764
2023-11-03,660262.7666666667,617005.85,43.427185773945844
2023-11-04,660145.3666666667,619140.5,42.29453231280832
2023-11-04,659345.0666666667,621241.7666666667,42.5429866755128
2023-11-04,659002.5,623374.5333333333,50.47993663493938
2023-11-05,658512.7666666667,625320.7333333333,54.298673349859705
2023-11-05,658544.2,627164.8833333333,46.603494954467145
2023-11-05,658545.1666666666,628942.5666666667,48.766065449832595
2023-11-06,658630.4333333333,630703.85,51.46757095634333
2023-11-06,658995.8333333334,632552.9333333333,40.75658752935038
2023-11-06,659266.9333333333,634379.05,39.643038402977496
2023-11-07,659382.6,636197.1666666666,53.03452712845807
2023-11-07,659256.1333333333,637901.8166666667,43.866623917922404
2023-11-07,659525.6333333333,639790.0666666667,64.28645007107687
2023-11-08,659750.5666666667,641592.7666666667,62.90241296591207
2023-11-08,659865.7666666667,643390.0,67.52580418879647
2023-11-08,660207.4,645330.7333333333,69.2525191187354
2023-11-09,661339.5666666667,647386.8833333333,80.02445806461006
2023-11-09,662602.4,649570.4,80.99610808714561
2023-11-09,663758.6,651578.4666666667,73.92693703645259
2023-11-10,664973.9666666667,653507.1833333333,76.53465481328196
2023-11-10,666766.8,655626.3166666667,79.81827549060934
2023-11-10,668492.2,657820.9,81.1652260263152
2023-11-11,670174.6,660009.8833333333,78.28283977875401
2023-11-11,672011.8666666667,662205.9833333333,79.90573030064391
2023-11-11,673267.5666666667,664340.4666666667,78.11598550758083
2023-11-12,674560.4666666667,666269.0,82.46902909824257
2023-11-12,676341.9,668181.1666666666,80.13115289379881
2023-11-12,677914.4,669323.6,79.6155613831139
2023-11-13,679703.1666666666,670114.9333333333,76.30293930663204
2023-11-13,681386.1666666666,670949.75,69.64027541190111
2023-11-13,682895.2,671578.9833333333,51.31623699068091
2023-11-14,684430.1333333333,672287.75,47.18470961552653
2023-11-14,685284.8,672314.9333333333,36.02862455626303
2023-11-14,685414.9,672208.7,30.816314235797336
2023-11-15,685545.8333333334,672029.3,19.460536097513085
2023-11-15,686326.9666666667,672435.5833333334,29.58352750729685
2023-11-15,687945.8666666667,673245.5166666667,48.244500249240524
2023-11-16,689425.6666666666,674028.05,46.091240480744936
2023-11-16,690192.9333333333,674594.3833333333,40.081289330383065
2023-11-16,690870.0666666667,675068.5,38.26529442776262
2023-11-17,691604.4333333333,675493.5166666667,39.256179707704334
2023-11-17,692381.8666666667,675819.0,38.96064167132998
2023-11-17,693086.2333333333,676305.9333333333,43.33821167231841
2023-11-18,693801.4333333333,676776.0,44.10330923753133
2023-11-18,694531.2,677198.4833333333,47.78860091174681
2023-11-18,694977.4333333333,677592.4166666666,45.174076559354575
2023-11-19,694807.1666666666,678073.3666666667,54.98561157911732
2023-11-19,694288.8,678445.6,63.98267154397869
2023-11-19,694407.1666666666,679082.8833333333,67.79386333316864
2023-11-20,694540.6333333333,679757.3,60.90516616280496
2023-11-20,694322.7666666667,680544.7833333333,46.83626875407697
2023-11-20,693967.6666666666,681229.9333333333,50.153511265615094
2023-11-21,693570.6333333333,681872.6166666667,65.72432144757849
2023-11-21,693160.6333333333,682586.25,72.27736679464368
2023-11-21,692300.6,682784.0833333334,50.82272246342443
2023-11-22,691733.9333333333,683147.2,61.18864644429642
2023-11-22,691165.6333333333,683753.7666666667,55.67266654295787
2023-11-22,691082.5666666667,684498.4833333333,65.25504406842121
2023-11-23,691083.3666666667,685393.2666666667,63.666142136870164
2023-11-23,691010.4333333333,686198.3,58.79823234570098
2023-11-23,691387.1333333333,687141.1666666666,62.21847229971558
2023-11-24,691738.0666666667,688084.1,64.69739714311245
2023-11-24,693167.5,689226.15,63.031040290885755
2023-11-24,694853.5,690134.2,59.25800248840629
2023-11-25,696700.0333333333,691122.9333333333,61.04682599762085
2023-11-25,697982.8666666667,692154.9166666666,59.235379162391574
2023-11-25,698349.9333333333,693147.9,61.641591846639166
2023-11-26,698921.5666666667,694173.6166666667,62.42185912530031
2023-11-26,699893.2666666667,695043.1,69.83872261895209
2023-11-26,701057.3666666667,695963.7166666667,65.98908224507645
2023-11-27,701915.4,696759.9166666666,59.914587171328094
2023-11-27,702464.3,697423.0833333334,42.56503496503496
2023-11-27,702984.1666666666,698035.2,48.04468566946269
2023-11-28,703527.6333333333,698664.5333333333,51.53275162502884
2023-11-28,704161.4666666667,699346.3333333334,51.2456147535389
2023-11-28,704928.9666666667,699953.2,50.08873796447686
2023-11-29,705806.1333333333,700306.65,45.357465232623966
2023-11-29,706578.4333333333,700433.6166666667,48.28501628664496
2023-11-29,706971.1666666666,700689.1666666666,43.20186029872105
2023-11-30,707513.8666666667,701027.25,47.5902410667248
2023-11-30,708045.1666666666,701183.9666666667,50.6533688249732
2023-11-30,708558.8666666667,701263.2666666667,48.648837249873516
2023-12-01,709507.5333333333,701539.0833333334,61.63994048603075
2023-12-01,710436.6,701798.6166666667,59.997997229500804
2023-12-01,711991.0333333333,702145.8166666667,68.98630518869568
2023-12-02,713306.8666666667,702520.4,88.56016606210555
2023-12-02,714605.5333333333,702885.5833333334,86.49170586778905
2023-12-02,715868.9,703475.7333333333,90.43588493417845
2023-12-03,717171.8333333334,704127.6,89.54437882438224
2023-12-03,718797.7666666667,704904.1,89.65989837012673
2023-12-03,720315.3,705851.2166666667,89.56062670299728
2023-12-04,722679.7666666667,707208.9166666666,97.77303892458025
2023-12-04,724865.9,709016.7,97.84589675970652
2023-12-04,727647.8666666667,711250.6833333333,98.06363028247527
2023-12-05,730072.4666666667,713386.25,93.85557629491367
2023-12-05,733228.3333333334,715605.6,95.78218717808008
2023-12-05,737410.2,717880.0666666667,96.49374139642092
2023-12-06,741312.3666666667,720116.9666666667,91.92640824666809
2023-12-06,745388.9,722641.0833333334,90.98209491794476
2023-12-06,749593.9333333333,725325.65,91.15748512131847
2023-12-07,754114.2,728014.8,91.35368637808317
2023-12-07,758677.2333333333,730570.7666666667,83.05376408445434
2023-12-07,762809.9333333333,732897.05,79.7059977049228
2023-12-08,766885.8333333334,735206.7333333333,77.82070302745421
2023-12-08,771235.7333333333,737698.6,79.4839393445296
2023-12-08,775797.8,740363.3833333333,76.11881282077643
2023-12-09,780406.3666666667,743106.25,76.22204724409448
2023-12-09,784986.2,745782.3166666667,71.51372262531339
2023-12-09,789277.6333333333,748124.4,69.5360175648187
2023-12-10,793624.3,750569.0833333334,65.23293198588682
2023-12-10,797809.7,752927.4333333333,50.54008671461868
2023-12-10,801987.9333333333,755273.4,54.553570220881625
2023-12-11,804854.0,757180.7666666667,39.196858964391225
2023-12-11,807780.9333333333,759108.7666666667,36.65431423769313
2023-12-11,810089.7333333333,761040.3833333333,29.818982387475543
2023-12-12,812708.9,763007.8833333333,40.3230010155569
2023-12-12,814998.2,764801.8666666667,38.8263902109763
2023-12-12,816792.4666666667,766330.6833333333,38.44117344665684
2023-12-13,818420.9333333333,767796.3833333333,29.099183635169382
2023-12-13,820468.2,769632.9833333333,33.306559098973466
2023-12-13,822576.0,771445.65,33.288893990093854
2023-12-14,823731.0,773205.3833333333,35.59806369610486
2023-12-14,824084.9,774475.4,31.89616179891445
2023-12-14,824512.3,776080.0833333334,36.58822733118246
2023-12-15,824801.2,777436.8333333334,34.99794980253361
2023-12-15,824242.6333333333,778735.4833333333,33.715410363204185
2023-12-15,822770.3666666667,780090.2833333333,44.05291221614624
2023-12-16,821642.9666666667,781477.6666666666,45.13340127303407
2023-12-16,820720.1,783054.5,53.812152686196576
2023-12-16,819517.0333333333,784555.4833333333,46.648091610595685
2023-12-17,818028.5666666667,786071.3833333333,48.72191779408274
2023-12-17,816775.6333333333,787726.4333333333,48.431537483074145
2023-12-17,815520.2333333333,789165.0833333334,47.62255396409118
2023-12-18,813893.8666666667,790389.85,32.08904786166596
2023-12-18,812288.9,791762.3166666667,38.40640531135359
2023-12-18,811039.2333333333,793418.5166666667,47.55699017978304
2023-12-19,809979.5,795192.9333333333,60.52112051346721
2023-12-19,808573.7333333333,796779.9666666667,48.642993731617175
2023-12-19,807210.9,798244.2666666667,49.49912739965096
2023-12-20,806180.2666666667,799902.2833333333,57.757283863503964
2023-12-20,805775.7333333333,801792.7166666667,62.10548784078196
2023-12-20,805247.3,803617.6166666667,58.99510589332012
2023-12-21,805860.7,805357.35,58.74089490114464
2023-12-21,806464.7,807122.8166666667,60.3896200793864
2023-12-21,807565.3,808827.5166666667,62.862313212588155
2023-12-22,808397.5666666667,810553.2333333333,65.94100959856992
2023-12-22,809516.4333333333,812257.3166666667,68.26652290758115
2023-12-22,810797.9666666667,813795.2166666667,76.81265185158816
2023-12-23,812198.1,815309.5166666667,73.26382158197048
2023-12-23,813106.1333333333,816787.1666666666,66.96084117098263
2023-12-23,813845.4,818210.7,61.61274050587303
2023-12-24,814591.4333333333,819161.2166666667,78.65921198375442
2023-12-24,816014.3666666667,820049.6333333333,87.6084719768593
2023-12-24,816652.5666666667,820582.4333333333,64.83656897901983
2023-12-25,817653.3,821227.25,50.649350649350644
2023-12-25,819007.1666666666,821624.9,63.945818610129564
2023-12-25,820256.2666666667,821513.3166666667,58.58463607328962
2023-12-26,821178.1333333333,821410.55,47.01197469498418
2023-12-26,821634.4333333333,821177.2666666667,37.62828337628283
2023-12-26,822193.0333333333,820855.0333333333,31.478050347093557
2023-12-27,822647.6,820338.0833333334,26.60680726665275
2023-12-27,823456.2666666667,820115.95,33.748020809771546
2023-12-27,824674.1333333333,820097.1833333333,41.488045477344926
2023-12-28,826055.9333333333,819974.9,34.82635556621881
2023-12-28,826853.7666666667,819571.3333333334,33.52338337182448
2023-12-28,827056.7333333333,819047.9833333333,33.955229231497285
2023-12-29,826676.8666666667,818328.1833333333,30.45627525599278
2023-12-29,826691.2666666667,817632.5,34.01989570095097
2023-12-29,826713.8666666667,816962.3833333333,28.48494256442099
2023-12-30,826420.2333333333,816300.25,28.460713176543663
2023-12-30,825822.4666666667,815799.1,35.696131754180854
2023-12-30,825321.1,815284.2,37.86990225817324
2023-12-31,824808.5666666667,815334.6333333333,46.24164850863649
2023-12-31,824253.4,815359.05,46.00663288013438
2023-12-31,823655.4333333333,815610.3666666667,51.23592990534664
