timestamp,ma_signal,positions,short_mavg,long_mavg,rsi,ma_positions,rsi_signal,rsi_positions,fvg_signal,composite_score,risk_score
2023-01-01,0.0,0.0,0.0,0.0,0.0,0.0,1.0,0.0,0.0,0.0,0.0
2023-01-01,0.0,0.0,0.0,0.0,0.0,0.0,1.0,0.0,0.0,0.0,0.0
2023-01-01,0.0,0.0,0.0,0.0,0.0,0.0,1.0,0.0,0.0,0.0,0.0
2023-01-02,0.0,0.0,0.0,0.0,0.0,0.0,1.0,0.0,0.0,0.0,0.0
2023-01-02,0.0,0.0,0.0,0.0,0.0,0.0,1.0,0.0,0.0,0.0,0.0
2023-01-02,0.0,0.0,0.0,0.0,0.0,0.0,1.0,0.0,0.0,0.0,0.0
2023-01-03,0.0,0.0,0.0,0.0,0.0,0.0,1.0,0.0,0.0,0.0,0.0
2023-01-03,0.0,0.0,0.0,0.0,0.0,0.0,1.0,0.0,0.0,0.0,0.0
2023-01-03,0.0,0.0,0.0,0.0,0.0,0.0,1.0,0.0,0.0,0.0,0.0
2023-01-04,0.0,0.0,0.0,0.0,0.0,0.0,1.0,0.0,0.0,0.0,0.0
2023-01-04,0.0,0.0,0.0,0.0,0.0,0.0,1.0,0.0,0.0,0.0,0.0
2023-01-04,0.0,0.0,0.0,0.0,0.0,0.0,1.0,0.0,0.0,0.0,0.0
2023-01-05,0.0,0.0,0.0,0.0,0.0,0.0,1.0,0.0,0.0,0.0,0.0
2023-01-05,0.0,0.0,0.0,0.0,70.2234514884635,0.0,-1.0,-1.0,-1.0,0.0,0.0
2023-01-05,0.0,0.0,0.0,0.0,56.97413487657966,0.0,0.0,1.0,0.0,0.0,0.0
2023-01-06,0.0,0.0,0.0,0.0,58.97753504870221,0.0,0.0,0.0,0.0,0.0,0.0
2023-01-06,0.0,0.0,0.0,0.0,60.292114011662754,0.0,0.0,0.0,0.0,0.0,0.0
2023-01-06,0.0,0.0,0.0,0.0,59.70247933884298,0.0,0.0,0.0,0.0,0.0,0.0
2023-01-07,0.0,0.0,0.0,0.0,62.09184202342697,0.0,0.0,0.0,0.0,0.0,0.0
2023-01-07,0.0,0.0,0.0,0.0,66.77814938684503,0.0,0.0,0.0,0.0,0.0,0.0
2023-01-07,0.0,0.0,0.0,0.0,65.70864414216761,0.0,0.0,0.0,0.0,0.0,0.0
2023-01-08,0.0,0.0,0.0,0.0,69.47978831212701,0.0,0.0,0.0,0.0,0.0,0.0
2023-01-08,0.0,0.0,0.0,0.0,74.84726828416827,0.0,-1.0,-1.0,0.0,0.0,0.0
2023-01-08,0.0,0.0,0.0,0.0,72.68419057247567,0.0,-1.0,0.0,0.0,0.0,0.0
2023-01-09,0.0,0.0,0.0,0.0,75.88957055214725,0.0,-1.0,0.0,0.0,0.0,0.0
2023-01-09,0.0,0.0,0.0,0.0,72.79584849133319,0.0,-1.0,0.0,0.0,0.0,0.0
2023-01-09,0.0,0.0,0.0,0.0,59.783351224748706,0.0,0.0,1.0,0.0,0.0,0.0
2023-01-10,0.0,0.0,0.0,0.0,51.65982404692082,0.0,0.0,0.0,0.0,0.0,0.0
2023-01-10,0.0,0.0,0.0,0.0,71.0342056932966,0.0,-1.0,-1.0,-1.0,0.0,0.0
2023-01-10,1.0,1.0,293313.8,0.0,69.84885596511141,1.0,0.0,1.0,0.0,1.0,0.6984885596511141
2023-01-11,1.0,0.0,293662.4666666667,0.0,68.76663159849001,0.0,0.0,0.0,0.0,0.0,0.0
2023-01-11,1.0,0.0,293941.26666666666,0.0,62.126803086212675,0.0,0.0,0.0,0.0,0.0,0.0
2023-01-11,1.0,0.0,294342.1666666667,0.0,67.20089091173196,0.0,0.0,0.0,-1.0,0.0,0.0
2023-01-12,1.0,0.0,294996.7,0.0,76.47742480805803,0.0,-1.0,-1.0,-1.0,0.0,0.0
2023-01-12,1.0,0.0,295604.4666666667,0.0,74.73242247995319,0.0,-1.0,0.0,0.0,0.0,0.0
2023-01-12,1.0,0.0,296544.06666666665,0.0,80.26450190849954,0.0,-1.0,0.0,0.0,0.0,0.0
2023-01-13,1.0,0.0,297526.9,0.0,80.45104774076736,0.0,-1.0,0.0,0.0,0.0,0.0
2023-01-13,1.0,0.0,298857.9666666667,0.0,84.23414717945414,0.0,-1.0,0.0,-1.0,0.0,0.0
2023-01-13,1.0,0.0,300646.73333333334,0.0,87.08849184018008,0.0,-1.0,0.0,-1.0,0.0,0.0
2023-01-14,1.0,0.0,302938.3,0.0,91.37213994537244,0.0,-1.0,0.0,0.0,0.0,0.0
2023-01-14,1.0,0.0,305091.76666666666,0.0,90.43866918447472,0.0,-1.0,0.0,0.0,0.0,0.0
2023-01-14,1.0,0.0,307278.9,0.0,90.29897035107307,0.0,-1.0,0.0,0.0,0.0,0.0
2023-01-15,1.0,0.0,309357.5,0.0,87.38872194241051,0.0,-1.0,0.0,0.0,0.0,0.0
2023-01-15,1.0,0.0,311410.5333333333,0.0,88.05760778079117,0.0,-1.0,0.0,0.0,0.0,0.0
2023-01-15,1.0,0.0,313524.9,0.0,86.44116910999591,0.0,-1.0,0.0,0.0,0.0,0.0
2023-01-16,1.0,0.0,315804.93333333335,0.0,89.36665670452281,0.0,-1.0,0.0,0.0,0.0,0.0
2023-01-16,1.0,0.0,318049.93333333335,0.0,88.60222077073809,0.0,-1.0,0.0,0.0,0.0,0.0
2023-01-16,1.0,0.0,320436.23333333334,0.0,88.03565306822077,0.0,-1.0,0.0,0.0,0.0,0.0
2023-01-17,1.0,0.0,322764.6666666667,0.0,89.02570929361843,0.0,-1.0,0.0,0.0,0.0,0.0
2023-01-17,1.0,0.0,325154.4666666667,0.0,87.89056522936622,0.0,-1.0,0.0,0.0,0.0,0.0
2023-01-17,1.0,0.0,327506.5333333333,0.0,85.28777575053905,0.0,-1.0,0.0,0.0,0.0,0.0
2023-01-18,1.0,0.0,329909.0333333333,0.0,83.34329173566417,0.0,-1.0,0.0,0.0,0.0,0.0
2023-01-18,1.0,0.0,332130.9,0.0,71.17820613690009,0.0,-1.0,0.0,0.0,0.0,0.0
2023-01-18,1.0,0.0,334132.6,0.0,48.09509449135505,0.0,0.0,1.0,0.0,0.0,0.0
2023-01-19,1.0,0.0,336182.86666666664,0.0,57.79777206512425,0.0,0.0,0.0,0.0,0.0,0.0
2023-01-19,1.0,0.0,338392.2,0.0,60.76432822531515,0.0,0.0,0.0,0.0,0.0,0.0
2023-01-19,1.0,0.0,340703.8333333333,0.0,63.4601737428117,0.0,0.0,0.0,0.0,0.0,0.0
2023-01-20,1.0,0.0,342975.0333333333,0.0,59.61595672751859,0.0,0.0,0.0,0.0,0.0,0.0
2023-01-20,1.0,0.0,345143.13333333336,0.0,62.38641400709219,0.0,0.0,0.0,0.0,0.0,0.0
2023-01-20,1.0,0.0,347835.36666666664,320574.5833333333,70.59027401711253,0.0,-1.0,-1.0,-1.0,0.0,0.0
2023-01-21,1.0,0.0,350813.2,322237.8333333333,75.57812955938138,0.0,-1.0,0.0,0.0,0.0,0.0
2023-01-21,1.0,0.0,354045.43333333335,323993.35,76.29827604516974,0.0,-1.0,0.0,0.0,0.0,0.0
2023-01-21,1.0,0.0,357030.2,325686.18333333335,72.54750164088928,0.0,-1.0,0.0,0.0,0.0,0.0
2023-01-22,1.0,0.0,359782.13333333336,327389.4166666667,72.12767411660174,0.0,-1.0,0.0,0.0,0.0,0.0
2023-01-22,1.0,0.0,362539.56666666665,329072.01666666666,72.91760234928313,0.0,-1.0,0.0,0.0,0.0,0.0
2023-01-22,1.0,0.0,364926.1,330735.0833333333,68.79274178419769,0.0,0.0,1.0,0.0,0.0,0.0
2023-01-23,1.0,0.0,367325.1666666667,332426.0333333333,75.62869351759251,0.0,-1.0,-1.0,0.0,0.0,0.0
2023-01-23,1.0,0.0,369531.4,334194.68333333335,85.98769522006626,0.0,-1.0,0.0,0.0,0.0,0.0
2023-01-23,1.0,0.0,371316.6666666667,335981.7,84.90435208222866,0.0,-1.0,0.0,0.0,0.0,0.0
2023-01-24,1.0,0.0,372683.5333333333,337810.9166666667,85.14102178058818,0.0,-1.0,0.0,0.0,0.0,0.0
2023-01-24,1.0,0.0,374169.8333333333,339630.8,84.73617964957145,0.0,-1.0,0.0,0.0,0.0,0.0
2023-01-24,1.0,0.0,375488.4,341383.65,77.77942980336765,0.0,-1.0,0.0,0.0,0.0,0.0
2023-01-25,1.0,0.0,376910.93333333335,343134.2166666667,78.08168952115568,0.0,-1.0,0.0,0.0,0.0,0.0
2023-01-25,1.0,0.0,378009.2,344709.86666666664,60.49385546588408,0.0,0.0,1.0,0.0,0.0,0.0
2023-01-25,1.0,0.0,379372.9,346448.9,58.350051968770394,0.0,0.0,0.0,0.0,0.0,0.0
2023-01-26,1.0,0.0,380537.6666666667,348171.3,51.68517272319426,0.0,0.0,0.0,0.0,0.0,0.0
2023-01-26,1.0,0.0,381762.0,349905.9666666667,59.30552677540629,0.0,0.0,0.0,0.0,0.0,0.0
2023-01-26,1.0,0.0,382809.9666666667,351623.1,56.40399882387533,0.0,0.0,0.0,0.0,0.0,0.0
2023-01-27,1.0,0.0,383983.0333333333,353373.85,62.16276291295046,0.0,0.0,0.0,0.0,0.0,0.0
2023-01-27,1.0,0.0,385051.13333333336,355102.8,64.3401489661519,0.0,0.0,0.0,0.0,0.0,0.0
2023-01-27,1.0,0.0,386184.1,356845.31666666665,63.11938611623342,0.0,0.0,0.0,0.0,0.0,0.0
2023-01-28,1.0,0.0,387278.23333333334,358593.63333333336,59.34426229508197,0.0,0.0,0.0,0.0,0.0,0.0
2023-01-28,1.0,0.0,388557.0333333333,360343.9666666667,60.17983301220296,0.0,0.0,0.0,0.0,0.0,0.0
2023-01-28,1.0,0.0,390035.86666666664,362084.23333333334,53.458694591449905,0.0,0.0,0.0,0.0,0.0,0.0
2023-01-29,1.0,0.0,391499.2,363841.0333333333,59.27412554389989,0.0,0.0,0.0,0.0,0.0,0.0
2023-01-29,1.0,0.0,392973.3,365682.75,73.585291113381,0.0,-1.0,-1.0,0.0,0.0,0.0
2023-01-29,1.0,0.0,394559.3,367631.56666666665,75.30950638108271,0.0,-1.0,0.0,0.0,0.0,0.0
2023-01-30,1.0,0.0,396104.5,369539.76666666666,88.27172007311523,0.0,-1.0,0.0,0.0,0.0,0.0
2023-01-30,1.0,0.0,397473.5,371308.31666666665,68.19544963813027,0.0,0.0,1.0,0.0,0.0,0.0
2023-01-30,1.0,0.0,398043.43333333335,372939.4,51.78812415654521,0.0,0.0,0.0,0.0,0.0,0.0
2023-01-31,1.0,0.0,398508.56666666665,374660.88333333336,57.18293745914143,0.0,0.0,0.0,0.0,0.0,0.0
2023-01-31,1.0,0.0,398820.86666666664,376433.15,60.35369949084606,0.0,0.0,0.0,0.0,0.0,0.0
2023-01-31,1.0,0.0,399257.43333333335,378143.81666666665,56.916239919948204,0.0,0.0,0.0,0.0,0.0,0.0
2023-02-01,1.0,0.0,399641.3333333333,379711.73333333334,58.068099927936586,0.0,0.0,0.0,0.0,0.0,0.0
2023-02-01,1.0,0.0,399897.06666666665,381218.31666666665,50.2836230558097,0.0,0.0,0.0,0.0,0.0,0.0
2023-02-01,1.0,0.0,400477.4666666667,382701.7833333333,57.418560394044555,0.0,0.0,0.0,0.0,0.0,0.0
2023-02-02,1.0,0.0,401111.43333333335,384218.3,59.432191459408735,0.0,0.0,0.0,0.0,0.0,0.0
2023-02-02,1.0,0.0,401639.06666666665,385585.23333333334,59.979378406245395,0.0,0.0,0.0,0.0,0.0,0.0
2023-02-02,1.0,0.0,401995.13333333336,386655.9,51.02562023674396,0.0,0.0,0.0,0.0,0.0,0.0
2023-02-03,1.0,0.0,402239.6666666667,387461.6,47.98053737512918,0.0,0.0,0.0,0.0,0.0,0.0
2023-02-03,1.0,0.0,402772.93333333335,388471.38333333336,53.09715616810637,0.0,0.0,0.0,0.0,0.0,0.0
2023-02-03,1.0,0.0,403387.4,389437.9,51.86976144422953,0.0,0.0,0.0,0.0,0.0,0.0
2023-02-04,1.0,0.0,403943.5,390427.2166666667,56.44798481127598,0.0,0.0,0.0,0.0,0.0,0.0
2023-02-04,1.0,0.0,404716.6666666667,391362.93333333335,68.18669655846789,0.0,0.0,0.0,0.0,0.0,0.0
2023-02-04,1.0,0.0,405211.73333333334,392292.31666666665,60.284547490449214,0.0,0.0,0.0,0.0,0.0,0.0
2023-02-05,1.0,0.0,405765.76666666666,393151.7166666667,60.950209833687374,0.0,0.0,0.0,0.0,0.0,0.0
2023-02-05,1.0,0.0,406097.0,393929.5,53.5991344582307,0.0,0.0,0.0,0.0,0.0,0.0
2023-02-05,1.0,0.0,406369.06666666665,394589.51666666666,51.09838260144404,0.0,0.0,0.0,0.0,0.0,0.0
2023-02-06,1.0,0.0,406479.23333333334,395231.13333333336,55.20151730678047,0.0,0.0,0.0,0.0,0.0,0.0
2023-02-06,1.0,0.0,406820.4666666667,395935.8,53.44666173934466,0.0,0.0,0.0,0.0,0.0,0.0
2023-02-06,1.0,0.0,406999.73333333334,396591.9166666667,44.32858655996234,0.0,0.0,0.0,0.0,0.0,0.0
2023-02-07,1.0,0.0,407274.63333333336,397276.43333333335,47.928316674739115,0.0,0.0,0.0,0.0,0.0,0.0
2023-02-07,1.0,0.0,407501.86666666664,398029.45,53.013515158894435,0.0,0.0,0.0,0.0,0.0,0.0
2023-02-07,1.0,0.0,407801.2,398918.5333333333,54.14359388739691,0.0,0.0,0.0,0.0,0.0,0.0
2023-02-08,1.0,0.0,408018.0333333333,399758.61666666664,44.227656376459706,0.0,0.0,0.0,0.0,0.0,0.0
2023-02-08,1.0,0.0,408065.8333333333,400519.56666666665,45.33898305084745,0.0,0.0,0.0,0.0,0.0,0.0
2023-02-08,1.0,0.0,407995.76666666666,401277.5333333333,45.699181649841705,0.0,0.0,0.0,0.0,0.0,0.0
2023-02-09,1.0,0.0,407832.3,401968.4,39.38613195922483,0.0,0.0,0.0,0.0,0.0,0.0
2023-02-09,1.0,0.0,407759.93333333335,402616.7166666667,39.012482662968104,0.0,0.0,0.0,0.0,0.0,0.0
2023-02-09,1.0,0.0,407495.5333333333,402769.48333333334,25.45290425509583,0.0,1.0,1.0,0.0,0.0,0.0
2023-02-10,1.0,0.0,407099.7,402804.13333333336,31.342509025270758,0.0,0.0,0.0,0.0,0.0,0.0
2023-02-10,1.0,0.0,406649.6666666667,402735.26666666666,33.23285246058518,0.0,0.0,0.0,0.0,0.0,0.0
2023-02-10,1.0,0.0,406132.1666666667,402694.8,33.14325252910861,0.0,0.0,0.0,0.0,0.0,0.0
2023-02-11,1.0,0.0,405706.76666666666,402674.05,27.060936564541734,0.0,1.0,1.0,0.0,0.0,0.0
2023-02-11,1.0,0.0,405480.73333333334,402688.9,32.73678732508385,0.0,0.0,0.0,0.0,0.0,0.0
2023-02-11,1.0,0.0,405050.73333333334,402764.1,27.319587628865975,0.0,1.0,1.0,0.0,0.0,0.0
2023-02-12,1.0,0.0,404511.3333333333,402811.38333333336,27.634697424553636,0.0,1.0,0.0,0.0,0.0,0.0
2023-02-12,1.0,0.0,404054.7,402846.88333333336,29.76752744893578,0.0,1.0,0.0,0.0,0.0,0.0
2023-02-12,1.0,0.0,403708.06666666665,402851.6,26.346966720247664,0.0,1.0,0.0,0.0,0.0,0.0
2023-02-13,1.0,0.0,403340.2,402789.93333333335,28.313580844116586,0.0,1.0,0.0,0.0,0.0,0.0
2023-02-13,0.0,-1.0,402502.7,402637.81666666665,24.285566101343278,-1.0,1.0,0.0,1.0,-1.0,0.24285566101343278
2023-02-13,0.0,0.0,401789.8,402588.6,30.36772465297507,0.0,0.0,0.0,0.0,0.0,0.0
2023-02-14,0.0,0.0,401130.9,402537.2,34.22581811104624,0.0,0.0,0.0,0.0,0.0,0.0
2023-02-14,0.0,0.0,400589.3,402652.98333333334,62.74956796705519,0.0,0.0,0.0,0.0,0.0,0.0
2023-02-14,0.0,0.0,400211.36666666664,402711.55,64.58435293295113,0.0,0.0,0.0,0.0,0.0,0.0
2023-02-15,0.0,0.0,399797.8333333333,402781.8,66.38300792643173,0.0,0.0,0.0,0.0,0.0,0.0
2023-02-15,0.0,0.0,400035.8333333333,403066.4166666667,80.83249653325683,0.0,-1.0,-1.0,-1.0,0.0,0.0
2023-02-15,0.0,0.0,401194.3333333333,403781.7,87.58055521130251,0.0,-1.0,0.0,-1.0,0.0,0.0
2023-02-16,0.0,0.0,402524.5,404501.86666666664,88.05358526554211,0.0,-1.0,0.0,0.0,0.0,0.0
2023-02-16,0.0,0.0,404164.76666666666,405492.61666666664,90.09513219668891,0.0,-1.0,0.0,0.0,0.0,0.0
2023-02-16,0.0,0.0,405042.6666666667,406021.2,67.43014073567215,0.0,0.0,1.0,1.0,0.0,0.0
2023-02-17,0.0,0.0,405894.56666666665,406584.6,67.33166388425153,0.0,0.0,0.0,0.0,0.0,0.0
2023-02-17,0.0,0.0,406960.76666666666,407231.31666666665,70.09496506002509,0.0,-1.0,-1.0,0.0,0.0,0.0
2023-02-17,1.0,1.0,408204.63333333336,408002.9166666667,71.85473739238948,1.0,-1.0,0.0,0.0,1.0,0.7185473739238948
2023-02-18,1.0,0.0,409448.06666666665,408733.05,75.69928224614735,0.0,-1.0,0.0,0.0,0.0,0.0
2023-02-18,1.0,0.0,410777.13333333336,409421.48333333334,75.63047447669956,0.0,-1.0,0.0,0.0,0.0,0.0
2023-02-18,1.0,0.0,412071.9,410033.8333333333,74.5342325843488,0.0,-1.0,0.0,0.0,0.0,0.0
2023-02-19,1.0,0.0,413468.5,410650.4,73.14699527593658,0.0,-1.0,0.0,0.0,0.0,0.0
2023-02-19,1.0,0.0,415066.5333333333,411413.23333333334,73.34005944427781,0.0,-1.0,0.0,0.0,0.0,0.0
2023-02-19,1.0,0.0,416816.7,412156.11666666664,67.57852849039031,0.0,0.0,1.0,0.0,0.0,0.0
2023-02-20,1.0,0.0,418584.06666666665,412841.88333333336,63.850314833520564,0.0,0.0,0.0,0.0,0.0,0.0
2023-02-20,1.0,0.0,420734.9666666667,413692.31666666665,58.530880107427905,0.0,0.0,0.0,0.0,0.0,0.0
2023-02-20,1.0,0.0,422825.8333333333,414479.0,54.700937915814755,0.0,0.0,0.0,0.0,0.0,0.0
2023-02-21,1.0,0.0,425015.1,415360.93333333335,49.30078820239003,0.0,0.0,0.0,0.0,0.0,0.0
2023-02-21,1.0,0.0,426980.4666666667,416230.6,67.02054118111792,0.0,0.0,0.0,0.0,0.0,0.0
2023-02-21,1.0,0.0,428811.6,416931.1666666667,62.18086414692137,0.0,0.0,0.0,0.0,0.0,0.0
2023-02-22,1.0,0.0,430494.1666666667,417502.75,53.60013284623049,0.0,0.0,0.0,0.0,0.0,0.0
2023-02-22,1.0,0.0,431765.43333333335,417910.06666666665,40.01323819056537,0.0,0.0,0.0,0.0,0.0,0.0
2023-02-22,1.0,0.0,433394.93333333335,418551.5,46.92160447974402,0.0,0.0,0.0,0.0,0.0,0.0
2023-02-23,1.0,0.0,435176.9666666667,419258.5833333333,49.48543306551382,0.0,0.0,0.0,0.0,0.0,0.0
2023-02-23,1.0,0.0,436886.76666666666,419694.73333333334,45.39728863446453,0.0,0.0,0.0,0.0,0.0,0.0
2023-02-23,1.0,0.0,438519.1,420154.45,45.36447363501539,0.0,0.0,0.0,0.0,0.0,0.0
2023-02-24,1.0,0.0,440067.2,420599.05,41.735616949545125,0.0,0.0,0.0,0.0,0.0,0.0
2023-02-24,1.0,0.0,441325.8,420957.55,44.62575674188222,0.0,0.0,0.0,0.0,0.0,0.0
2023-02-24,1.0,0.0,442365.86666666664,421288.61666666664,40.867997668713315,0.0,0.0,0.0,0.0,0.0,0.0
2023-02-25,1.0,0.0,443370.56666666665,421584.2,30.224373775817313,0.0,0.0,0.0,0.0,0.0,0.0
2023-02-25,1.0,0.0,443826.1666666667,421931.0,30.999902002417272,0.0,0.0,0.0,0.0,0.0,0.0
2023-02-25,1.0,0.0,443535.6,422364.9666666667,27.926298728994297,0.0,1.0,1.0,0.0,0.0,0.0
2023-02-26,1.0,0.0,443141.8333333333,422833.1666666667,31.489137788468767,0.0,0.0,0.0,0.0,0.0,0.0
2023-02-26,1.0,0.0,442306.13333333336,423235.45,35.41413087578972,0.0,0.0,0.0,0.0,0.0,0.0
2023-02-26,1.0,0.0,442536.1,423789.38333333336,44.262455099172264,0.0,0.0,0.0,0.0,0.0,0.0
2023-02-27,1.0,0.0,442561.9666666667,424228.26666666666,50.01323509948383,0.0,0.0,0.0,0.0,0.0,0.0
2023-02-27,1.0,0.0,442480.1666666667,424720.4666666667,41.66001596169194,0.0,0.0,0.0,0.0,0.0,0.0
2023-02-27,1.0,0.0,442096.8,425150.7166666667,31.415866542045492,0.0,0.0,0.0,0.0,0.0,0.0
2023-02-28,1.0,0.0,441590.4666666667,425519.26666666666,36.68717338096184,0.0,0.0,0.0,0.0,0.0,0.0
2023-02-28,1.0,0.0,441103.4666666667,425940.3,41.427003293084525,0.0,0.0,0.0,0.0,0.0,0.0
2023-02-28,1.0,0.0,440405.26666666666,426238.5833333333,34.69023294902435,0.0,0.0,0.0,0.0,0.0,0.0
2023-03-01,1.0,0.0,439971.9,426720.2,49.76850185918196,0.0,0.0,0.0,0.0,0.0,0.0
2023-03-01,1.0,0.0,439406.1,427236.31666666665,54.151549163425656,0.0,0.0,0.0,0.0,0.0,0.0
2023-03-01,1.0,0.0,439050.8,427933.75,50.887951334379906,0.0,0.0,0.0,0.0,0.0,0.0
2023-03-02,1.0,0.0,438551.9,428567.98333333334,50.867987446057285,0.0,0.0,0.0,0.0,0.0,0.0
2023-03-02,1.0,0.0,437642.1666666667,429188.56666666665,46.435973914362265,0.0,0.0,0.0,0.0,0.0,0.0
2023-03-02,1.0,0.0,436894.13333333336,429859.98333333334,47.60539003585115,0.0,0.0,0.0,0.0,0.0,0.0
2023-03-03,1.0,0.0,435343.0,430179.05,30.494325433785235,0.0,0.0,0.0,0.0,0.0,0.0
2023-03-03,1.0,0.0,433985.5333333333,430483.0,24.894231665268848,0.0,1.0,1.0,0.0,0.0,0.0
2023-03-03,1.0,0.0,432689.1,430750.35,25.922835073555106,0.0,1.0,0.0,0.0,0.0,0.0
2023-03-04,1.0,0.0,431723.06666666665,431108.61666666664,29.508560031026647,0.0,1.0,0.0,0.0,0.0,0.0
2023-03-04,0.0,-1.0,431001.5,431383.4666666667,29.331424165657012,-1.0,1.0,0.0,0.0,-1.0,0.2933142416565701
2023-03-04,0.0,0.0,429985.9,431690.4166666667,31.0597563333978,0.0,0.0,0.0,0.0,0.0,0.0
2023-03-05,0.0,0.0,428792.26666666666,431984.61666666664,27.97528288259369,0.0,1.0,1.0,0.0,0.0,0.0
2023-03-05,0.0,0.0,427930.63333333336,432408.7,36.120401337792636,0.0,0.0,0.0,0.0,0.0,0.0
2023-03-05,0.0,0.0,427066.73333333334,432792.9166666667,22.677118848828158,0.0,1.0,1.0,0.0,0.0,0.0
2023-03-06,0.0,0.0,426245.86666666664,433156.5333333333,22.590997833703298,0.0,1.0,0.0,0.0,0.0,0.0
2023-03-06,0.0,0.0,425779.43333333335,433552.61666666664,36.554236633854465,0.0,0.0,0.0,0.0,0.0,0.0
2023-03-06,0.0,0.0,425275.13333333336,433820.5,34.481895354923864,0.0,0.0,0.0,0.0,0.0,0.0
2023-03-07,0.0,0.0,424800.5333333333,434085.55,36.45227309310829,0.0,0.0,0.0,0.0,0.0,0.0
2023-03-07,0.0,0.0,424486.36666666664,434156.26666666666,38.61617059084851,0.0,0.0,0.0,0.0,0.0,0.0
2023-03-07,0.0,0.0,424093.1,433814.35,67.09241751881149,0.0,0.0,0.0,0.0,0.0,0.0
2023-03-08,0.0,0.0,423537.0333333333,433339.43333333335,57.14332719136615,0.0,0.0,0.0,0.0,0.0,0.0
2023-03-08,0.0,0.0,422954.3,432630.2166666667,60.530530530530534,0.0,0.0,0.0,0.0,0.0,0.0
2023-03-08,0.0,0.0,421932.43333333335,432234.26666666666,38.81600379068321,0.0,0.0,0.0,1.0,0.0,0.0
2023-03-09,0.0,0.0,421076.6666666667,431819.31666666665,44.01681373718101,0.0,0.0,0.0,0.0,0.0,0.0
2023-03-09,0.0,0.0,420112.8333333333,431296.5,42.817147856517934,0.0,0.0,0.0,0.0,0.0,0.0
2023-03-09,0.0,0.0,418364.76666666666,430230.7833333333,24.834235453315287,0.0,1.0,1.0,0.0,0.0,0.0
2023-03-10,0.0,0.0,416417.8333333333,429004.15,19.18564946200658,0.0,1.0,0.0,0.0,0.0,0.0
2023-03-10,0.0,0.0,414271.73333333334,427687.6,18.26429923284742,0.0,1.0,0.0,0.0,0.0,0.0
2023-03-10,0.0,0.0,412540.43333333335,426472.85,23.624796968056316,0.0,1.0,0.0,0.0,0.0,0.0
2023-03-11,0.0,0.0,410548.3333333333,425260.11666666664,15.9346604805597,0.0,1.0,0.0,0.0,0.0,0.0
2023-03-11,0.0,0.0,408652.43333333335,424029.26666666666,20.704899354348655,0.0,1.0,0.0,0.0,0.0,0.0
2023-03-11,0.0,0.0,406973.13333333336,423011.9666666667,24.326205146792304,0.0,1.0,0.0,0.0,0.0,0.0
2023-03-12,0.0,0.0,405340.9,421946.4,20.926541490731594,0.0,1.0,0.0,0.0,0.0,0.0
2023-03-12,0.0,0.0,403799.36666666664,420720.76666666666,22.738178838951313,0.0,1.0,0.0,0.0,0.0,0.0
2023-03-12,0.0,0.0,403036.7,419965.4166666667,45.40348736029652,0.0,0.0,0.0,-1.0,0.0,0.0
2023-03-13,0.0,0.0,403166.43333333335,419254.7166666667,49.34788534524334,0.0,0.0,0.0,0.0,0.0,0.0
2023-03-13,0.0,0.0,404201.36666666664,419093.45,65.28352985658638,0.0,0.0,0.0,0.0,0.0,0.0
2023-03-13,0.0,0.0,405330.76666666666,419009.93333333335,65.27742355351913,0.0,0.0,0.0,0.0,0.0,0.0
2023-03-14,0.0,0.0,406507.56666666665,419115.31666666665,67.60939883017413,0.0,0.0,0.0,0.0,0.0,0.0
2023-03-14,0.0,0.0,408636.86666666664,419819.18333333335,88.77855589638436,0.0,-1.0,-1.0,0.0,0.0,0.0
2023-03-14,0.0,0.0,409995.5333333333,419990.7166666667,79.43700525264482,0.0,-1.0,0.0,0.0,0.0,0.0
2023-03-15,0.0,0.0,411630.2,420211.23333333334,82.82128016879454,0.0,-1.0,0.0,0.0,0.0,0.0
2023-03-15,0.0,0.0,413125.7,420528.1666666667,80.92255458643095,0.0,-1.0,0.0,0.0,0.0,0.0
2023-03-15,0.0,0.0,414463.3333333333,420765.0333333333,78.07577993180229,0.0,-1.0,0.0,0.0,0.0,0.0
2023-03-16,0.0,0.0,416010.76666666666,421128.31666666665,78.56990056102627,0.0,-1.0,0.0,0.0,0.0,0.0
2023-03-16,0.0,0.0,417461.7,421620.56666666665,78.56368769456965,0.0,-1.0,0.0,0.0,0.0,0.0
2023-03-16,0.0,0.0,419135.06666666665,422205.1,79.20881342503739,0.0,-1.0,0.0,0.0,0.0,0.0
2023-03-17,0.0,0.0,421383.3,423091.9166666667,81.30067816600325,0.0,-1.0,0.0,0.0,0.0,0.0
2023-03-17,0.0,0.0,423895.4,424190.88333333336,79.55264483627204,0.0,-1.0,0.0,0.0,0.0,0.0
2023-03-17,1.0,1.0,426977.56666666665,425535.3333333333,80.77175739353437,1.0,-1.0,0.0,0.0,1.0,0.8077175739353437
2023-03-18,1.0,0.0,430280.8,426908.9166666667,77.15891440876997,0.0,-1.0,0.0,0.0,0.0,0.0
2023-03-18,1.0,0.0,433467.6,428210.95,75.31893356357087,0.0,-1.0,0.0,0.0,0.0,0.0
2023-03-18,1.0,0.0,436735.26666666666,429333.85,70.54049425552668,0.0,-1.0,0.0,0.0,0.0,0.0
2023-03-19,1.0,0.0,439920.06666666665,430498.36666666664,62.749799422706275,0.0,0.0,1.0,0.0,0.0,0.0
2023-03-19,1.0,0.0,443443.3,431778.06666666665,81.67643177619425,0.0,-1.0,-1.0,0.0,0.0,0.0
2023-03-19,1.0,0.0,448102.7,433233.73333333334,81.86311389759666,0.0,-1.0,0.0,0.0,0.0,0.0
2023-03-20,1.0,0.0,453253.8,434835.81666666665,84.70196878486075,0.0,-1.0,0.0,0.0,0.0,0.0
2023-03-20,1.0,0.0,458248.76666666666,436260.25,82.00535149598637,0.0,-1.0,0.0,0.0,0.0,0.0
2023-03-20,1.0,0.0,463118.2,437829.31666666665,81.06597321757647,0.0,-1.0,0.0,0.0,0.0,0.0
2023-03-21,1.0,0.0,467899.86666666664,439224.1,77.87512785808012,0.0,-1.0,0.0,0.0,0.0,0.0
2023-03-21,1.0,0.0,472841.26666666666,440746.85,79.06785791089128,0.0,-1.0,0.0,0.0,0.0,0.0
2023-03-21,1.0,0.0,477631.93333333335,442302.5333333333,74.02559217180627,0.0,-1.0,0.0,0.0,0.0,0.0
2023-03-22,1.0,0.0,482505.63333333336,443923.26666666666,71.01097343274178,0.0,-1.0,0.0,0.0,0.0,0.0
2023-03-22,1.0,0.0,487482.5333333333,445640.95,65.35360190763052,0.0,0.0,1.0,0.0,0.0,0.0
2023-03-22,1.0,0.0,490840.5333333333,446938.61666666664,46.205284077624505,0.0,0.0,0.0,0.0,0.0,0.0
2023-03-23,1.0,0.0,494059.3,448612.86666666664,49.83489554971092,0.0,0.0,0.0,0.0,0.0,0.0
2023-03-23,1.0,0.0,496834.43333333335,450517.9,60.657346087809664,0.0,0.0,0.0,0.0,0.0,0.0
2023-03-23,1.0,0.0,499437.0333333333,452383.9,58.95357635182056,0.0,0.0,0.0,0.0,0.0,0.0
2023-03-24,1.0,0.0,501858.5333333333,454183.05,55.089589476071666,0.0,0.0,0.0,0.0,0.0,0.0
2023-03-24,1.0,0.0,503284.06666666665,455960.4666666667,48.04944087614283,0.0,0.0,0.0,0.0,0.0,0.0
2023-03-24,1.0,0.0,505180.63333333336,457588.0833333333,39.41965122820176,0.0,0.0,0.0,0.0,0.0,0.0
2023-03-25,1.0,0.0,506849.0,459239.6,44.65749208018571,0.0,0.0,0.0,0.0,0.0,0.0
2023-03-25,1.0,0.0,508689.4666666667,460907.5833333333,46.029443033858236,0.0,0.0,0.0,0.0,0.0,0.0
2023-03-25,1.0,0.0,510598.06666666665,462530.7,45.85394420424387,0.0,0.0,0.0,0.0,0.0,0.0
2023-03-26,1.0,0.0,512316.8,464163.7833333333,40.49976038885466,0.0,0.0,0.0,0.0,0.0,0.0
2023-03-26,1.0,0.0,514053.63333333336,465757.6666666667,44.22936545179624,0.0,0.0,0.0,0.0,0.0,0.0
2023-03-26,1.0,0.0,515744.6666666667,467439.86666666664,43.42180082252285,0.0,0.0,0.0,0.0,0.0,0.0
2023-03-27,1.0,0.0,516869.8333333333,469126.56666666665,40.516905794683574,0.0,0.0,0.0,0.0,0.0,0.0
2023-03-27,1.0,0.0,517126.3333333333,470510.86666666664,46.011872809371944,0.0,0.0,0.0,0.0,0.0,0.0
2023-03-27,1.0,0.0,516920.1,471948.8333333333,45.784183155758505,0.0,0.0,0.0,0.0,0.0,0.0
2023-03-28,1.0,0.0,516490.6,473385.7,27.916232703466747,0.0,1.0,1.0,0.0,0.0,0.0
2023-03-28,1.0,0.0,516056.8,474762.2,28.279136365349103,0.0,1.0,0.0,0.0,0.0,0.0
2023-03-28,1.0,0.0,515982.5,476358.88333333336,32.5454062195446,0.0,0.0,0.0,0.0,0.0,0.0
2023-03-29,1.0,0.0,516448.13333333336,478184.1,49.164966482075194,0.0,0.0,0.0,-1.0,0.0,0.0
2023-03-29,1.0,0.0,516765.7,480104.5,59.78451011656888,0.0,0.0,0.0,0.0,0.0,0.0
2023-03-29,1.0,0.0,516784.3333333333,482443.51666666666,59.0575256107171,0.0,0.0,0.0,0.0,0.0,0.0
2023-03-30,1.0,0.0,516784.06666666665,485018.93333333335,60.51555636617877,0.0,0.0,0.0,0.0,0.0,0.0
2023-03-30,1.0,0.0,516740.7,487494.73333333334,54.991574818375184,0.0,0.0,0.0,0.0,0.0,0.0
2023-03-30,1.0,0.0,516583.4,489850.8,52.96468213925328,0.0,0.0,0.0,0.0,0.0,0.0
2023-03-31,1.0,0.0,516258.7,492079.2833333333,44.93871526663672,0.0,0.0,0.0,0.0,0.0,0.0
2023-03-31,1.0,0.0,515985.93333333335,494413.6,50.324216669368475,0.0,0.0,0.0,0.0,0.0,0.0
2023-03-31,1.0,0.0,515789.6666666667,496710.8,50.697006263287946,0.0,0.0,0.0,0.0,0.0,0.0
2023-04-01,1.0,0.0,515563.73333333334,499034.68333333335,62.0704366854296,0.0,0.0,0.0,0.0,0.0,0.0
2023-04-01,1.0,0.0,515172.0,501327.26666666666,60.04243788441411,0.0,0.0,0.0,0.0,0.0,0.0
2023-04-01,1.0,0.0,515603.63333333336,503222.0833333333,64.66280550670143,0.0,0.0,0.0,0.0,0.0,0.0
2023-04-02,1.0,0.0,515917.26666666666,504988.2833333333,67.52533248891703,0.0,0.0,0.0,0.0,0.0,0.0
2023-04-02,1.0,0.0,515600.86666666664,506217.65,59.96959914752249,0.0,0.0,0.0,0.0,0.0,0.0
2023-04-02,1.0,0.0,515437.13333333336,507437.0833333333,48.37933961120317,0.0,0.0,0.0,0.0,0.0,0.0
2023-04-03,1.0,0.0,515138.73333333334,508498.63333333336,40.022259087377414,0.0,0.0,0.0,0.0,0.0,0.0
2023-04-03,1.0,0.0,514982.86666666664,509133.4666666667,41.32221217848632,0.0,0.0,0.0,0.0,0.0,0.0
2023-04-03,1.0,0.0,514951.76666666666,510066.2,30.41863536014195,0.0,0.0,0.0,0.0,0.0,0.0
2023-04-04,1.0,0.0,514984.9,510916.95,42.7698720712951,0.0,0.0,0.0,0.0,0.0,0.0
2023-04-04,1.0,0.0,515056.23333333334,511872.85,50.5856145507992,0.0,0.0,0.0,0.0,0.0,0.0
2023-04-04,1.0,0.0,515287.73333333334,512942.9,63.48941663752992,0.0,0.0,0.0,0.0,0.0,0.0
2023-04-05,1.0,0.0,515662.8333333333,513989.81666666665,58.497661194166746,0.0,0.0,0.0,0.0,0.0,0.0
2023-04-05,1.0,0.0,515679.8,514866.7166666667,46.72198948688529,0.0,0.0,0.0,0.0,0.0,0.0
2023-04-05,0.0,-1.0,515739.6666666667,515742.1666666667,48.21701807619492,-1.0,0.0,0.0,0.0,-1.0,0.4821701807619492
2023-04-06,0.0,0.0,515747.93333333335,516308.88333333336,47.885437593365275,0.0,0.0,0.0,0.0,0.0,0.0
2023-04-06,0.0,0.0,516402.5,516764.4166666667,51.94280828424853,0.0,0.0,0.0,0.0,0.0,0.0
2023-04-06,1.0,1.0,516921.56666666665,516920.8333333333,50.98496328243385,1.0,0.0,0.0,0.0,1.0,0.5098496328243385
2023-04-07,1.0,0.0,517513.23333333334,517001.9166666667,54.34080405506137,0.0,0.0,0.0,0.0,0.0,0.0
2023-04-07,1.0,0.0,518243.76666666666,517150.2833333333,54.65179408716253,0.0,0.0,0.0,0.0,0.0,0.0
2023-04-07,1.0,0.0,518746.5333333333,517364.51666666666,55.423194354071775,0.0,0.0,0.0,0.0,0.0,0.0
2023-04-08,1.0,0.0,518858.86666666664,517653.5,58.1130655629762,0.0,0.0,0.0,0.0,0.0,0.0
2023-04-08,1.0,0.0,518799.4666666667,517782.5833333333,65.66751700680271,0.0,0.0,0.0,0.0,0.0,0.0
2023-04-08,1.0,0.0,518704.43333333335,517744.38333333336,60.75657432147377,0.0,0.0,0.0,0.0,0.0,0.0
2023-04-09,1.0,0.0,518404.1666666667,517594.11666666664,54.17974943264837,0.0,0.0,0.0,0.0,0.0,0.0
2023-04-09,1.0,0.0,518441.23333333334,517590.9666666667,52.25925566028568,0.0,0.0,0.0,0.0,0.0,0.0
2023-04-09,1.0,0.0,518812.73333333334,517698.06666666665,56.36379785060841,0.0,0.0,0.0,0.0,0.0,0.0
2023-04-10,1.0,0.0,519480.7,517869.7,70.54381197727353,0.0,-1.0,-1.0,0.0,0.0,0.0
2023-04-10,1.0,0.0,520130.6666666667,518058.3,76.12209285693852,0.0,-1.0,0.0,-1.0,0.0,0.0
2023-04-10,1.0,0.0,521276.56666666665,518533.11666666664,84.72937384536772,0.0,-1.0,0.0,-1.0,0.0,0.0
2023-04-11,1.0,0.0,522746.6,519155.1666666667,86.49752367712225,0.0,-1.0,0.0,0.0,0.0,0.0
2023-04-11,1.0,0.0,524203.43333333335,519687.7166666667,86.70394370122631,0.0,-1.0,0.0,0.0,0.0,0.0
2023-04-11,1.0,0.0,525635.0,520619.31666666665,90.46425002271282,0.0,-1.0,0.0,0.0,0.0,0.0
2023-04-12,1.0,0.0,527009.6,521463.43333333335,87.36616316377663,0.0,-1.0,0.0,0.0,0.0,0.0
2023-04-12,1.0,0.0,528481.4666666667,522041.1666666667,87.90011062548739,0.0,-1.0,0.0,0.0,0.0,0.0
2023-04-12,1.0,0.0,529945.4,522691.26666666666,87.23990208078335,0.0,-1.0,0.0,0.0,0.0,0.0
2023-04-13,1.0,0.0,531555.4666666667,523347.1,88.0078673784771,0.0,-1.0,0.0,0.0,0.0,0.0
2023-04-13,1.0,0.0,533110.8333333334,524046.85,88.81138709311557,0.0,-1.0,0.0,0.0,0.0,0.0
2023-04-13,1.0,0.0,534765.3333333334,524858.55,86.51848850913376,0.0,-1.0,0.0,0.0,0.0,0.0
2023-04-14,1.0,0.0,536695.3666666667,525840.1333333333,88.80495450722532,0.0,-1.0,0.0,-1.0,0.0,0.0
2023-04-14,1.0,0.0,538311.7,526683.9666666667,80.05748677962872,0.0,-1.0,0.0,0.0,0.0,0.0
2023-04-14,1.0,0.0,539871.1666666666,527579.45,79.58838863321856,0.0,-1.0,0.0,0.0,0.0,0.0
2023-04-15,1.0,0.0,541383.9666666667,528523.4,77.67275671489422,0.0,-1.0,0.0,0.0,0.0,0.0
2023-04-15,1.0,0.0,543077.1333333333,529378.4666666667,66.90480226672801,0.0,0.0,1.0,0.0,0.0,0.0
2023-04-15,1.0,0.0,544650.9333333333,530195.3,52.70767121580357,0.0,0.0,0.0,0.0,0.0,0.0
2023-04-16,1.0,0.0,546285.4333333333,531016.6833333333,55.65089482716352,0.0,0.0,0.0,0.0,0.0,0.0
2023-04-16,1.0,0.0,547778.9333333333,532090.7166666667,55.32589476251448,0.0,0.0,0.0,0.0,0.0,0.0
2023-04-16,1.0,0.0,549241.7666666667,533081.6666666666,55.32252164370199,0.0,0.0,0.0,0.0,0.0,0.0
2023-04-17,1.0,0.0,550533.2333333333,534023.2333333333,47.490448526717955,0.0,0.0,0.0,1.0,0.0,0.0
2023-04-17,1.0,0.0,551528.9333333333,534886.35,38.57222283998666,0.0,0.0,0.0,0.0,0.0,0.0
2023-04-17,1.0,0.0,552668.6666666666,535707.6,39.24910922447544,0.0,0.0,0.0,0.0,0.0,0.0
2023-04-18,1.0,0.0,553932.3666666667,536395.6166666667,48.23108697315077,0.0,0.0,0.0,0.0,0.0,0.0
2023-04-18,1.0,0.0,555290.6333333333,537045.05,52.75768449431376,0.0,0.0,0.0,0.0,0.0,0.0
2023-04-18,1.0,0.0,556734.4333333333,537719.4333333333,41.90015877463342,0.0,0.0,0.0,0.0,0.0,0.0
2023-04-19,1.0,0.0,558106.2,538255.1833333333,44.267107405397404,0.0,0.0,0.0,0.0,0.0,0.0
2023-04-19,1.0,0.0,558917.4666666667,538679.35,31.515077009536185,0.0,0.0,0.0,1.0,0.0,0.0
2023-04-19,1.0,0.0,559209.1,539010.9166666666,23.715697750032504,0.0,1.0,1.0,0.0,0.0,0.0
2023-04-20,1.0,0.0,559544.2666666667,539512.4833333333,26.82954020608706,0.0,1.0,0.0,0.0,0.0,0.0
2023-04-20,1.0,0.0,559217.0666666667,539673.8666666667,23.249009784843835,0.0,1.0,0.0,1.0,0.0,0.0
2023-04-20,1.0,0.0,558149.7,539713.1333333333,20.283938739956838,0.0,1.0,0.0,0.0,0.0,0.0
2023-04-21,1.0,0.0,556772.8333333334,539759.7166666667,21.78552237660243,0.0,1.0,0.0,0.0,0.0,0.0
2023-04-21,1.0,0.0,555331.8,539767.6166666667,21.54624826015437,0.0,1.0,0.0,0.0,0.0,0.0
2023-04-21,1.0,0.0,553398.2666666667,539516.6333333333,19.738718165694877,0.0,1.0,0.0,1.0,0.0,0.0
2023-04-22,1.0,0.0,551618.0666666667,539313.8333333334,24.361442532893534,0.0,1.0,0.0,0.0,0.0,0.0
2023-04-22,1.0,0.0,550046.1666666666,539263.8166666667,26.405459578123512,0.0,1.0,0.0,0.0,0.0,0.0
2023-04-22,1.0,0.0,548653.1,539299.25,25.3301698362164,0.0,1.0,0.0,0.0,0.0,0.0
2023-04-23,1.0,0.0,547176.7333333333,539366.1,22.615615837583462,0.0,1.0,0.0,0.0,0.0,0.0
2023-04-23,1.0,0.0,545552.1333333333,539331.4833333333,19.878777853919047,0.0,1.0,0.0,0.0,0.0,0.0
2023-04-23,1.0,0.0,544041.1333333333,539403.2333333333,21.76430147990014,0.0,1.0,0.0,0.0,0.0,0.0
2023-04-24,1.0,0.0,542157.7,539426.5333333333,27.405983419440105,0.0,1.0,0.0,0.0,0.0,0.0
2023-04-24,1.0,0.0,540310.0333333333,539310.8666666667,29.048073861827447,0.0,1.0,0.0,0.0,0.0,0.0
2023-04-24,0.0,-1.0,538599.3,539235.2333333333,30.94216258928155,-1.0,0.0,0.0,0.0,-1.0,0.3094216258928155
2023-04-25,0.0,0.0,536715.1,539049.5333333333,36.17410520214462,0.0,0.0,0.0,0.0,0.0,0.0
2023-04-25,0.0,0.0,534955.6666666666,539016.4,43.49398281898712,0.0,0.0,0.0,0.0,0.0,0.0
2023-04-25,0.0,0.0,533782.2,539216.5666666667,55.85879117594309,0.0,0.0,0.0,-1.0,0.0,0.0
2023-04-26,0.0,0.0,532638.5,539461.9666666667,59.49197458367212,0.0,0.0,0.0,0.0,0.0,0.0
2023-04-26,0.0,0.0,532465.2666666667,540122.1,84.93478773438567,0.0,-1.0,-1.0,0.0,0.0,0.0
2023-04-26,0.0,0.0,531444.2333333333,540343.0,62.515127547860224,0.0,0.0,1.0,0.0,0.0,0.0
2023-04-27,0.0,0.0,530943.4333333333,540738.3333333334,63.874220536509654,0.0,0.0,0.0,0.0,0.0,0.0
2023-04-27,0.0,0.0,530816.4666666667,541172.7,63.022184621169394,0.0,0.0,0.0,0.0,0.0,0.0
2023-04-27,0.0,0.0,530828.5666666667,541748.6166666667,65.67015311623894,0.0,0.0,0.0,0.0,0.0,0.0
2023-04-28,0.0,0.0,530703.1333333333,542317.75,69.6844104034106,0.0,0.0,0.0,0.0,0.0,0.0
2023-04-28,0.0,0.0,530174.6,542732.6166666667,63.73772773171994,0.0,0.0,0.0,0.0,0.0,0.0
2023-04-28,0.0,0.0,529741.4,543237.9166666666,64.98275113285315,0.0,0.0,0.0,0.0,0.0,0.0
2023-04-29,0.0,0.0,529479.1666666666,543792.6833333333,67.87305818166674,0.0,0.0,0.0,0.0,0.0,0.0
2023-04-29,0.0,0.0,529761.6,544339.5333333333,66.66207940549094,0.0,0.0,0.0,0.0,0.0,0.0
2023-04-29,0.0,0.0,530324.0666666667,544766.5833333334,67.87100705022195,0.0,0.0,0.0,0.0,0.0,0.0
2023-04-30,0.0,0.0,530812.2666666667,545178.2666666667,67.08839315964977,0.0,0.0,0.0,0.0,0.0,0.0
2023-04-30,0.0,0.0,531913.6666666666,545565.3666666667,64.26794443637772,0.0,0.0,0.0,0.0,0.0,0.0
2023-04-30,0.0,0.0,532948.1,545548.9,59.01451138868479,0.0,0.0,0.0,0.0,0.0,0.0
2023-05-01,0.0,0.0,533659.2666666667,545216.05,40.039673543414196,0.0,0.0,0.0,0.0,0.0,0.0
2023-05-01,0.0,0.0,534143.5,544737.65,50.13056683034827,0.0,0.0,0.0,0.0,0.0,0.0
2023-05-01,0.0,0.0,535093.9333333333,544246.1,43.13309477817537,0.0,0.0,0.0,0.0,0.0,0.0
2023-05-02,0.0,0.0,535877.7666666667,543747.9166666666,38.247076568759425,0.0,0.0,0.0,0.0,0.0,0.0
2023-05-02,0.0,0.0,536878.4666666667,543462.3166666667,42.533506399420425,0.0,0.0,0.0,0.0,0.0,0.0
2023-05-02,0.0,0.0,537722.8666666667,543187.9833333333,40.95617653444158,0.0,0.0,0.0,0.0,0.0,0.0
2023-05-03,0.0,0.0,538599.5333333333,542888.1333333333,47.911980262680494,0.0,0.0,0.0,0.0,0.0,0.0
2023-05-03,0.0,0.0,539258.3333333334,542405.2333333333,35.36232815109855,0.0,0.0,0.0,0.0,0.0,0.0
2023-05-03,0.0,0.0,540267.2666666667,542154.2,43.951758905941006,0.0,0.0,0.0,0.0,0.0,0.0
2023-05-04,0.0,0.0,541295.9333333333,541726.8166666667,44.6824377511704,0.0,0.0,0.0,0.0,0.0,0.0
2023-05-04,1.0,1.0,542404.4,541357.2166666667,43.25446355890812,1.0,0.0,0.0,0.0,1.0,0.4325446355890812
2023-05-04,1.0,0.0,543310.0666666667,540954.6833333333,42.03164381573218,0.0,0.0,0.0,0.0,0.0,0.0
2023-05-05,1.0,0.0,544448.1,540581.6,40.38756428871911,0.0,0.0,0.0,0.0,0.0,0.0
2023-05-05,1.0,0.0,545726.9666666667,540341.3166666667,50.36455335361675,0.0,0.0,0.0,0.0,0.0,0.0
2023-05-05,1.0,0.0,546451.1,540116.65,56.30391150469595,0.0,0.0,0.0,0.0,0.0,0.0
2023-05-06,1.0,0.0,547130.7,539884.6,66.30643993572426,0.0,0.0,0.0,0.0,0.0,0.0
2023-05-06,1.0,0.0,546362.6666666666,539413.9666666667,53.375218547000046,0.0,0.0,0.0,0.0,0.0,0.0
2023-05-06,1.0,0.0,546669.1666666666,539056.7,58.15706463109885,0.0,0.0,0.0,0.0,0.0,0.0
2023-05-07,1.0,0.0,546729.5333333333,538836.4833333333,51.584003539319625,0.0,0.0,0.0,0.0,0.0,0.0
2023-05-07,1.0,0.0,546694.6333333333,538755.55,51.05971794093689,0.0,0.0,0.0,0.0,0.0,0.0
2023-05-07,1.0,0.0,546158.7,538493.6333333333,44.750692908536074,0.0,0.0,0.0,1.0,0.0,0.0
2023-05-08,1.0,0.0,545161.4333333333,537932.2833333333,45.349315554294634,0.0,0.0,0.0,0.0,0.0,0.0
2023-05-08,1.0,0.0,544449.8,537312.2,33.89532547548889,0.0,0.0,0.0,0.0,0.0,0.0
2023-05-08,1.0,0.0,543468.1,536604.75,31.049455636793198,0.0,0.0,0.0,0.0,0.0,0.0
2023-05-09,1.0,0.0,542411.0666666667,535945.1166666667,31.911402789171447,0.0,0.0,0.0,0.0,0.0,0.0
2023-05-09,1.0,0.0,541343.1333333333,535552.3666666667,32.76396469240618,0.0,0.0,0.0,0.0,0.0,0.0
2023-05-09,1.0,0.0,540434.4,535379.2333333333,32.90524298609827,0.0,0.0,0.0,0.0,0.0,0.0
2023-05-10,1.0,0.0,539626.8,535219.5333333333,28.168304358780546,0.0,1.0,1.0,0.0,0.0,0.0
2023-05-10,1.0,0.0,539003.0333333333,535458.35,41.90933254577673,0.0,0.0,0.0,0.0,0.0,0.0
2023-05-10,1.0,0.0,538269.1666666666,535608.6333333333,35.38891882875254,0.0,0.0,0.0,0.0,0.0,0.0
2023-05-11,1.0,0.0,537813.8,535736.5333333333,43.55006297229219,0.0,0.0,0.0,0.0,0.0,0.0
2023-05-11,1.0,0.0,537683.2666666667,535913.3833333333,39.00522224301291,0.0,0.0,0.0,0.0,0.0,0.0
2023-05-11,1.0,0.0,537436.5666666667,536265.25,35.65723633564279,0.0,0.0,0.0,0.0,0.0,0.0
2023-05-12,1.0,0.0,537070.6666666666,536474.2166666667,31.85108122166902,0.0,0.0,0.0,0.0,0.0,0.0
2023-05-12,0.0,-1.0,536197.2333333333,536537.85,34.08183712091092,-1.0,0.0,0.0,0.0,-1.0,0.3408183712091092
2023-05-12,0.0,0.0,535513.9666666667,536618.4166666666,48.113524783105795,0.0,0.0,0.0,0.0,0.0,0.0
2023-05-13,0.0,0.0,534887.6333333333,536743.5833333334,50.213942027537755,0.0,0.0,0.0,0.0,0.0,0.0
2023-05-13,0.0,0.0,534646.9333333333,536952.6333333333,53.548501507359454,0.0,0.0,0.0,0.0,0.0,0.0
2023-05-13,0.0,0.0,533975.3,537121.2833333333,52.50017386466375,0.0,0.0,0.0,0.0,0.0,0.0
2023-05-14,0.0,0.0,533320.5333333333,537308.2333333333,54.02572898799313,0.0,0.0,0.0,0.0,0.0,0.0
2023-05-14,0.0,0.0,532827.7,537616.05,52.256007410178306,0.0,0.0,0.0,0.0,0.0,0.0
2023-05-14,0.0,0.0,532280.2666666667,537795.1666666666,46.24049563503238,0.0,0.0,0.0,0.0,0.0,0.0
2023-05-15,0.0,0.0,531727.6333333333,538087.8666666667,37.735195189073494,0.0,0.0,0.0,0.0,0.0,0.0
2023-05-15,0.0,0.0,530942.6666666666,538334.8166666667,48.684867435688574,0.0,0.0,0.0,0.0,0.0,0.0
2023-05-15,0.0,0.0,530018.6,538234.85,43.17447685033473,0.0,0.0,0.0,0.0,0.0,0.0
2023-05-16,0.0,0.0,529140.5333333333,538135.6166666667,45.56360293293271,0.0,0.0,0.0,0.0,0.0,0.0
2023-05-16,0.0,0.0,528597.7,537480.1833333333,45.38246789503071,0.0,0.0,0.0,0.0,0.0,0.0
2023-05-16,0.0,0.0,527837.4333333333,537253.3,50.143125061691826,0.0,0.0,0.0,0.0,0.0,0.0
2023-05-17,0.0,0.0,527069.8333333334,536899.6833333333,57.112648981161094,0.0,0.0,0.0,0.0,0.0,0.0
2023-05-17,0.0,0.0,526313.2,536503.9166666666,48.56060606060606,0.0,0.0,0.0,0.0,0.0,0.0
2023-05-17,0.0,0.0,526147.7333333333,536153.2166666667,58.42119275825346,0.0,0.0,0.0,-1.0,0.0,0.0
2023-05-18,0.0,0.0,526476.3333333334,535818.8833333333,62.59938691445541,0.0,0.0,0.0,0.0,0.0,0.0
2023-05-18,0.0,0.0,526617.6,535533.7,55.4626662988818,0.0,0.0,0.0,0.0,0.0,0.0
2023-05-18,0.0,0.0,526698.9666666667,535083.5333333333,48.38508590797522,0.0,0.0,0.0,0.0,0.0,0.0
2023-05-19,0.0,0.0,526836.4666666667,534623.7666666667,46.85067800690042,0.0,0.0,0.0,0.0,0.0,0.0
2023-05-19,0.0,0.0,527063.3,534203.2166666667,52.862824708953056,0.0,0.0,0.0,0.0,0.0,0.0
2023-05-19,0.0,0.0,527111.0,533772.7,47.31873546545094,0.0,0.0,0.0,0.0,0.0,0.0
2023-05-20,0.0,0.0,527076.7666666667,533351.7833333333,48.02362562471604,0.0,0.0,0.0,0.0,0.0,0.0
2023-05-20,0.0,0.0,526662.6333333333,532832.8333333334,55.344301054083346,0.0,0.0,0.0,0.0,0.0,0.0
2023-05-20,0.0,0.0,526683.1333333333,532476.15,55.17096447202512,0.0,0.0,0.0,0.0,0.0,0.0
2023-05-21,0.0,0.0,526696.9666666667,532255.3833333333,61.77333628612556,0.0,0.0,0.0,0.0,0.0,0.0
2023-05-21,0.0,0.0,526650.9666666667,532167.1166666667,61.764787289988654,0.0,0.0,0.0,0.0,0.0,0.0
2023-05-21,0.0,0.0,526599.7333333333,532018.15,54.49826557859799,0.0,0.0,0.0,0.0,0.0,0.0
2023-05-22,0.0,0.0,526745.4333333333,531908.05,53.38378544218035,0.0,0.0,0.0,0.0,0.0,0.0
2023-05-22,0.0,0.0,526988.5666666667,531592.9,37.88593013454875,0.0,0.0,0.0,0.0,0.0,0.0
2023-05-22,0.0,0.0,526946.0333333333,531230.0,27.081477420681153,0.0,1.0,1.0,0.0,0.0,0.0
2023-05-23,0.0,0.0,527150.3666666667,531019.0,53.404733990303875,0.0,0.0,0.0,0.0,0.0,0.0
2023-05-23,0.0,0.0,527333.3,530990.1166666667,63.220675944334,0.0,0.0,0.0,0.0,0.0,0.0
2023-05-23,0.0,0.0,527471.5,530723.4,55.248378564440735,0.0,0.0,0.0,0.0,0.0,0.0
2023-05-24,0.0,0.0,527288.3666666667,530304.45,38.74167283493708,0.0,0.0,0.0,1.0,0.0,0.0
2023-05-24,0.0,0.0,526778.7666666667,529803.2333333333,32.423927049261565,0.0,0.0,0.0,0.0,0.0,0.0
2023-05-24,0.0,0.0,526421.2666666667,529350.7666666667,32.7836931874199,0.0,0.0,0.0,0.0,0.0,0.0
2023-05-25,0.0,0.0,525826.0666666667,528776.85,28.908533198077436,0.0,1.0,1.0,0.0,0.0,0.0
2023-05-25,0.0,0.0,525575.0333333333,528258.85,40.8016733372217,0.0,0.0,0.0,0.0,0.0,0.0
2023-05-25,0.0,0.0,525638.4666666667,527828.5333333333,45.9992632160619,0.0,0.0,0.0,0.0,0.0,0.0
2023-05-26,0.0,0.0,525640.4,527390.4666666667,47.62971187684664,0.0,0.0,0.0,0.0,0.0,0.0
2023-05-26,0.0,0.0,525887.9333333333,527242.8166666667,54.67412771560236,0.0,0.0,0.0,0.0,0.0,0.0
2023-05-26,0.0,0.0,526164.2333333333,527000.8333333334,53.87184704572504,0.0,0.0,0.0,0.0,0.0,0.0
2023-05-27,0.0,0.0,526492.8,526781.3166666667,57.37779895188184,0.0,0.0,0.0,0.0,0.0,0.0
2023-05-27,1.0,1.0,526749.5,526531.35,57.77415331478461,1.0,0.0,0.0,0.0,1.0,0.5777415331478462
2023-05-27,1.0,0.0,526746.3666666667,526447.05,50.115609557056715,0.0,0.0,0.0,0.0,0.0,0.0
2023-05-28,1.0,0.0,526813.5666666667,526644.95,57.071213640922764,0.0,0.0,0.0,-1.0,0.0,0.0
2023-05-28,1.0,0.0,527146.3,526881.95,61.27985542069702,0.0,0.0,0.0,0.0,0.0,0.0
2023-05-28,1.0,0.0,528016.5,527357.7333333333,79.37102723063643,0.0,-1.0,-1.0,0.0,0.0,0.0
2023-05-29,1.0,0.0,528915.9,527876.1833333333,91.85205784204672,0.0,-1.0,0.0,0.0,0.0,0.0
2023-05-29,1.0,0.0,529632.1,528347.7,85.50112669765932,0.0,-1.0,0.0,0.0,0.0,0.0
2023-05-29,1.0,0.0,530430.2666666667,528770.6333333333,89.92716973497876,0.0,-1.0,0.0,0.0,0.0,0.0
2023-05-30,1.0,0.0,531312.1666666666,529194.4666666667,88.20309908543808,0.0,-1.0,0.0,0.0,0.0,0.0
2023-05-30,1.0,0.0,532089.6666666666,529376.15,82.75940996948118,0.0,-1.0,0.0,0.0,0.0,0.0
2023-05-30,1.0,0.0,532769.6666666666,529726.4,80.74464084242196,0.0,-1.0,0.0,0.0,0.0,0.0
2023-05-31,1.0,0.0,533206.9,529951.9333333333,66.00311112113081,0.0,0.0,1.0,0.0,0.0,0.0
2023-05-31,1.0,0.0,533513.8666666667,530082.4166666666,59.58724278997823,0.0,0.0,0.0,0.0,0.0,0.0
2023-05-31,1.0,0.0,534012.0,530305.8666666667,58.97859681018098,0.0,0.0,0.0,0.0,0.0,0.0
2023-06-01,1.0,0.0,534458.5,530601.9666666667,58.553994462106445,0.0,0.0,0.0,0.0,0.0,0.0
2023-06-01,1.0,0.0,534784.9,530886.7333333333,52.00195956512727,0.0,0.0,0.0,0.0,0.0,0.0
2023-06-01,1.0,0.0,535120.0,531033.0166666667,44.41960087765124,0.0,0.0,0.0,0.0,0.0,0.0
2023-06-02,1.0,0.0,535256.8333333334,531203.6,46.23190749575483,0.0,0.0,0.0,0.0,0.0,0.0
2023-06-02,1.0,0.0,535430.5,531381.9,32.40488957788,0.0,0.0,0.0,0.0,0.0,0.0
2023-06-02,1.0,0.0,535725.6,531598.55,29.93888947423875,0.0,1.0,1.0,0.0,0.0,0.0
2023-06-03,1.0,0.0,536336.9666666667,531812.6666666666,34.97764114030184,0.0,0.0,0.0,0.0,0.0,0.0
2023-06-03,1.0,0.0,537221.8666666667,532000.3166666667,33.42585703657072,0.0,0.0,0.0,0.0,0.0,0.0
2023-06-03,1.0,0.0,537970.6,532195.9333333333,24.402268387905735,0.0,1.0,1.0,0.0,0.0,0.0
2023-06-04,1.0,0.0,538828.2333333333,532327.15,28.10582933565925,0.0,1.0,0.0,0.0,0.0,0.0
2023-06-04,1.0,0.0,539310.4666666667,532442.75,28.090312082292087,0.0,1.0,0.0,0.0,0.0,0.0
2023-06-04,1.0,0.0,539624.2333333333,532631.35,35.30421444744724,0.0,0.0,0.0,0.0,0.0,0.0
2023-06-05,1.0,0.0,539712.4666666667,532676.4333333333,34.02076368115432,0.0,0.0,0.0,0.0,0.0,0.0
2023-06-05,1.0,0.0,539046.9666666667,532467.45,17.85050125045423,0.0,1.0,1.0,1.0,0.0,0.0
2023-06-05,1.0,0.0,538196.8,532180.5166666667,16.1941514117282,0.0,1.0,0.0,0.0,0.0,0.0
2023-06-06,1.0,0.0,537269.0,531880.9,17.926371149511652,0.0,1.0,0.0,0.0,0.0,0.0
2023-06-06,1.0,0.0,536542.8333333334,531646.1666666666,26.493017728038026,0.0,1.0,0.0,0.0,0.0,0.0
2023-06-06,1.0,0.0,536458.3,531602.3333333334,45.16924986332945,0.0,0.0,0.0,-1.0,0.0,0.0
2023-06-07,1.0,0.0,536000.3,531406.9333333333,41.741158181111544,0.0,0.0,0.0,0.0,0.0,0.0
2023-06-07,1.0,0.0,535134.2,531140.25,35.421327367636096,0.0,0.0,0.0,0.0,0.0,0.0
2023-06-07,1.0,0.0,533891.6333333333,530954.0666666667,34.21453865827267,0.0,0.0,0.0,0.0,0.0,0.0
2023-06-08,1.0,0.0,532572.2,530744.05,33.12584370781461,0.0,0.0,0.0,0.0,0.0,0.0
2023-06-08,1.0,0.0,531410.1,530521.1,35.69654925250872,0.0,0.0,0.0,0.0,0.0,0.0
2023-06-08,0.0,-1.0,530057.7666666667,530244.0166666667,33.315919748249314,-1.0,0.0,0.0,0.0,-1.0,0.3331591974824931
2023-06-09,0.0,0.0,528568.0666666667,529940.1166666667,33.2815606361829,0.0,0.0,0.0,0.0,0.0,0.0
2023-06-09,0.0,0.0,527015.8333333334,529552.75,31.9675848570201,0.0,0.0,0.0,0.0,0.0,0.0
2023-06-09,0.0,0.0,525524.5,529147.0833333334,35.39803791323898,0.0,0.0,0.0,0.0,0.0,0.0
2023-06-10,0.0,0.0,524171.1666666667,528689.0333333333,44.79631425800194,0.0,0.0,0.0,0.0,0.0,0.0
2023-06-10,0.0,0.0,522828.1,528170.9833333333,45.58629992761729,0.0,0.0,0.0,0.0,0.0,0.0
2023-06-10,0.0,0.0,521467.1666666667,527739.5833333334,46.49011161151361,0.0,0.0,0.0,0.0,0.0,0.0
2023-06-11,0.0,0.0,520086.6,527272.55,40.30399313009875,0.0,0.0,0.0,0.0,0.0,0.0
2023-06-11,0.0,0.0,518891.4,526838.15,9.297774066438762,0.0,1.0,1.0,0.0,0.0,0.0
2023-06-11,0.0,0.0,517803.73333333334,526461.8666666667,15.930373161609623,0.0,1.0,0.0,0.0,0.0,0.0
2023-06-12,0.0,0.0,516367.3333333333,525812.0833333334,17.611216464078097,0.0,1.0,0.0,1.0,0.0,0.0
2023-06-12,0.0,0.0,514805.56666666665,525118.0333333333,16.30075101430093,0.0,1.0,0.0,0.0,0.0,0.0
2023-06-12,0.0,0.0,513203.23333333334,524464.4166666666,15.819811511081653,0.0,1.0,0.0,0.0,0.0,0.0
2023-06-13,0.0,0.0,511776.7,524056.8333333333,26.48931618553847,0.0,1.0,0.0,0.0,0.0,0.0
2023-06-13,0.0,0.0,510104.93333333335,523663.4,24.930715114764197,0.0,1.0,0.0,0.0,0.0,0.0
2023-06-13,0.0,0.0,508613.73333333334,523292.1666666667,29.235842095554318,0.0,1.0,0.0,0.0,0.0,0.0
2023-06-14,0.0,0.0,507081.9666666667,522955.1,31.85278231377967,0.0,0.0,0.0,0.0,0.0,0.0
2023-06-14,0.0,0.0,505426.76666666666,522368.61666666664,27.017148636844283,0.0,1.0,1.0,0.0,0.0,0.0
2023-06-14,0.0,0.0,503279.4666666667,521451.85,21.225145829194744,0.0,1.0,0.0,0.0,0.0,0.0
2023-06-15,0.0,0.0,501267.1666666667,520489.81666666665,22.316952757101618,0.0,1.0,0.0,0.0,0.0,0.0
2023-06-15,0.0,0.0,499869.23333333334,519458.1,20.65039426388391,0.0,1.0,0.0,0.0,0.0,0.0
2023-06-15,0.0,0.0,499059.7,518628.25,35.84890605301375,0.0,0.0,0.0,0.0,0.0,0.0
2023-06-16,0.0,0.0,498218.0333333333,517743.51666666666,34.84917553484132,0.0,0.0,0.0,0.0,0.0,0.0
2023-06-16,0.0,0.0,497344.1666666667,516943.5,36.79258231284218,0.0,0.0,0.0,0.0,0.0,0.0
2023-06-16,0.0,0.0,496104.2,516281.25,49.520259030418245,0.0,0.0,0.0,0.0,0.0,0.0
2023-06-17,0.0,0.0,495257.5333333333,515628.9166666667,56.72718054166725,0.0,0.0,0.0,0.0,0.0,0.0
2023-06-17,0.0,0.0,494646.56666666665,514890.38333333336,53.944231644925395,0.0,0.0,0.0,0.0,0.0,0.0
2023-06-17,0.0,0.0,494126.5333333333,514009.0833333333,51.0804466889537,0.0,0.0,0.0,0.0,0.0,0.0
2023-06-18,0.0,0.0,493637.4,513104.8,56.46847011794144,0.0,0.0,0.0,0.0,0.0,0.0
2023-06-18,0.0,0.0,493119.4666666667,512264.7833333333,55.35753403223283,0.0,0.0,0.0,0.0,0.0,0.0
2023-06-18,0.0,0.0,492583.0,511320.38333333336,52.23843132622626,0.0,0.0,0.0,0.0,0.0,0.0
2023-06-19,0.0,0.0,492082.8333333333,510325.45,56.12527496874456,0.0,0.0,0.0,0.0,0.0,0.0
2023-06-19,0.0,0.0,491822.6,509419.2166666667,75.58549825513765,0.0,-1.0,-1.0,0.0,0.0,0.0
2023-06-19,0.0,0.0,491731.73333333334,508628.11666666664,81.50053435252775,0.0,-1.0,0.0,0.0,0.0,0.0
2023-06-20,0.0,0.0,491804.7,507987.93333333335,83.88750022478376,0.0,-1.0,0.0,0.0,0.0,0.0
2023-06-20,0.0,0.0,492225.13333333336,507526.61666666664,81.88178674701231,0.0,-1.0,0.0,0.0,0.0,0.0
2023-06-20,0.0,0.0,493370.43333333335,507418.8,89.09671855339244,0.0,-1.0,0.0,-1.0,0.0,0.0
2023-06-21,0.0,0.0,494972.86666666664,507529.73333333334,90.16602483996837,0.0,-1.0,0.0,-1.0,0.0,0.0
2023-06-21,0.0,0.0,497035.7,507963.55,90.74334137529557,0.0,-1.0,0.0,0.0,0.0,0.0
2023-06-21,0.0,0.0,499035.2,508419.4666666667,89.92922249209956,0.0,-1.0,0.0,0.0,0.0,0.0
2023-06-22,0.0,0.0,501367.23333333334,508867.2833333333,94.78296663170055,0.0,-1.0,0.0,0.0,0.0,0.0
2023-06-22,0.0,0.0,503823.2,509314.38333333336,94.67001288747203,0.0,-1.0,0.0,0.0,0.0,0.0
2023-06-22,0.0,0.0,506334.56666666665,509768.9,94.70156700919708,0.0,-1.0,0.0,0.0,0.0,0.0
2023-06-23,0.0,0.0,508781.6,510279.15,94.97081562644001,0.0,-1.0,0.0,0.0,0.0,0.0
2023-06-23,1.0,1.0,512291.8,511198.36666666664,100.0,1.0,-1.0,0.0,-1.0,1.0,1.0
2023-06-23,1.0,0.0,515371.9666666667,511992.85,90.30876332353418,0.0,-1.0,0.0,0.0,0.0,0.0
2023-06-24,1.0,0.0,518516.9,512799.43333333335,90.15860515375176,0.0,-1.0,0.0,0.0,0.0,0.0
2023-06-24,1.0,0.0,521722.0333333333,513574.4,87.20522205033393,0.0,-1.0,0.0,0.0,0.0,0.0
2023-06-24,1.0,0.0,525490.7,514385.0833333333,87.2196886895564,0.0,-1.0,0.0,0.0,0.0,0.0
2023-06-25,1.0,0.0,529465.6,515366.38333333336,87.03300065007075,0.0,-1.0,0.0,0.0,0.0,0.0
2023-06-25,1.0,0.0,533379.8,516624.51666666666,80.4608229988726,0.0,-1.0,0.0,0.0,0.0,0.0
2023-06-25,1.0,0.0,536831.4666666667,517945.5833333333,74.89972027233863,0.0,-1.0,0.0,0.0,0.0,0.0
2023-06-26,1.0,0.0,540186.6666666666,519202.35,64.80766893534273,0.0,0.0,1.0,0.0,0.0,0.0
2023-06-26,1.0,0.0,543395.4,520369.7833333333,64.36975044725432,0.0,0.0,0.0,0.0,0.0,0.0
2023-06-26,1.0,0.0,546161.2,521132.7,59.15870547285788,0.0,0.0,0.0,0.0,0.0,0.0
2023-06-27,1.0,0.0,548725.8666666667,521991.7,59.427327035696415,0.0,0.0,0.0,0.0,0.0,0.0
2023-06-27,1.0,0.0,551443.8666666667,523045.2166666667,58.98984190252391,0.0,0.0,0.0,0.0,0.0,0.0
2023-06-27,1.0,0.0,554216.5666666667,524171.55,58.496018784713335,0.0,0.0,0.0,0.0,0.0,0.0
2023-06-28,1.0,0.0,556778.1666666666,525207.7833333333,28.107124854807253,0.0,1.0,1.0,0.0,0.0,0.0
2023-06-28,1.0,0.0,559462.8,526291.1333333333,43.582463679148766,0.0,0.0,0.0,0.0,0.0,0.0
2023-06-28,1.0,0.0,562042.6666666666,527312.8333333334,34.30240425819838,0.0,0.0,0.0,0.0,0.0,0.0
2023-06-29,1.0,0.0,564880.9,528481.8666666667,46.69151910531221,0.0,0.0,0.0,0.0,0.0,0.0
2023-06-29,1.0,0.0,567700.8,529761.7,47.953713777074476,0.0,0.0,0.0,0.0,0.0,0.0
2023-06-29,1.0,0.0,570283.1666666666,531007.45,42.69329600768796,0.0,0.0,0.0,0.0,0.0,0.0
2023-06-30,1.0,0.0,573120.2,532462.45,54.96783020263275,0.0,0.0,0.0,0.0,0.0,0.0
2023-06-30,1.0,0.0,575362.7333333333,533793.9333333333,46.30780493123374,0.0,0.0,0.0,0.0,0.0,0.0
2023-06-30,1.0,0.0,577058.4,535214.4166666666,54.17113673108596,0.0,0.0,0.0,0.0,0.0,0.0
2023-07-01,1.0,0.0,578415.0666666667,536693.9666666667,55.51435690555292,0.0,0.0,0.0,0.0,0.0,0.0
2023-07-01,1.0,0.0,579391.3,538213.5,60.751922960450614,0.0,0.0,0.0,0.0,0.0,0.0
2023-07-01,1.0,0.0,580396.0666666667,539715.6333333333,60.843819393042196,0.0,0.0,0.0,0.0,0.0,0.0
2023-07-02,1.0,0.0,581221.0333333333,541294.1333333333,57.809844711397595,0.0,0.0,0.0,0.0,0.0,0.0
2023-07-02,1.0,0.0,581978.3666666667,542900.7833333333,54.07922588448746,0.0,0.0,0.0,0.0,0.0,0.0
2023-07-02,1.0,0.0,582744.0333333333,544539.3,59.90239545788013,0.0,0.0,0.0,0.0,0.0,0.0
2023-07-03,1.0,0.0,583379.1,546080.35,57.4318947564465,0.0,0.0,0.0,0.0,0.0,0.0
2023-07-03,1.0,0.0,583347.4666666667,547819.6333333333,68.85986075687599,0.0,0.0,0.0,0.0,0.0,0.0
2023-07-03,1.0,0.0,583686.6666666666,549529.3166666667,64.26664557337499,0.0,0.0,0.0,0.0,0.0,0.0
2023-07-04,1.0,0.0,583885.4333333333,551201.1666666666,59.07763105242097,0.0,0.0,0.0,0.0,0.0,0.0
2023-07-04,1.0,0.0,584088.5333333333,552905.2833333333,57.28059284550322,0.0,0.0,0.0,0.0,0.0,0.0
2023-07-04,1.0,0.0,584126.9333333333,554808.8166666667,44.545234373279904,0.0,0.0,0.0,0.0,0.0,0.0
2023-07-05,1.0,0.0,584095.9666666667,556780.7833333333,63.3799971135806,0.0,0.0,0.0,0.0,0.0,0.0
2023-07-05,1.0,0.0,583981.7333333333,558680.7666666667,46.44983429627239,0.0,0.0,0.0,0.0,0.0,0.0
2023-07-05,1.0,0.0,584012.7333333333,560422.1,47.060017396346765,0.0,0.0,0.0,0.0,0.0,0.0
2023-07-06,1.0,0.0,584413.5333333333,562300.1,52.87878396861854,0.0,0.0,0.0,0.0,0.0,0.0
2023-07-06,1.0,0.0,584910.0666666667,564152.7333333333,54.61008775200735,0.0,0.0,0.0,0.0,0.0,0.0
2023-07-06,1.0,0.0,585218.2,565689.7,46.66694990865446,0.0,0.0,0.0,0.0,0.0,0.0
2023-07-07,1.0,0.0,585530.9,567128.3833333333,49.43598117788616,0.0,0.0,0.0,0.0,0.0,0.0
2023-07-07,1.0,0.0,585801.3,568622.5833333334,46.937014667817074,0.0,0.0,0.0,0.0,0.0,0.0
2023-07-07,1.0,0.0,585942.5333333333,570079.55,46.06543474379575,0.0,0.0,0.0,0.0,0.0,0.0
2023-07-08,1.0,0.0,586205.5666666667,571491.8666666667,36.19599970258012,0.0,0.0,0.0,0.0,0.0,0.0
2023-07-08,1.0,0.0,586359.3333333334,572911.0666666667,37.066373303997075,0.0,0.0,0.0,0.0,0.0,0.0
2023-07-08,1.0,0.0,586778.7666666667,574410.7166666667,40.74074074074074,0.0,0.0,0.0,0.0,0.0,0.0
2023-07-09,1.0,0.0,586940.3333333334,575910.6166666667,43.87522397784655,0.0,0.0,0.0,0.0,0.0,0.0
2023-07-09,1.0,0.0,586959.0333333333,577329.9166666666,46.198044708707336,0.0,0.0,0.0,0.0,0.0,0.0
2023-07-09,1.0,0.0,586973.9333333333,578628.55,41.85392443967642,0.0,0.0,0.0,0.0,0.0,0.0
2023-07-10,1.0,0.0,586547.3666666667,579833.7833333333,43.92076918395911,0.0,0.0,0.0,0.0,0.0,0.0
2023-07-10,1.0,0.0,586690.9,581026.8166666667,48.077302307237225,0.0,0.0,0.0,0.0,0.0,0.0
2023-07-10,1.0,0.0,586628.3333333334,581843.3666666667,35.35374720357942,0.0,0.0,0.0,0.0,0.0,0.0
2023-07-11,1.0,0.0,586575.0,582495.0333333333,33.7797192781438,0.0,0.0,0.0,0.0,0.0,0.0
2023-07-11,1.0,0.0,586314.6333333333,582852.9666666667,43.43262280742139,0.0,0.0,0.0,0.0,0.0,0.0
2023-07-11,1.0,0.0,585916.6,583156.3333333334,35.33869405969773,0.0,0.0,0.0,0.0,0.0,0.0
2023-07-12,1.0,0.0,585747.2666666667,583484.15,45.36358305233836,0.0,0.0,0.0,0.0,0.0,0.0
2023-07-12,1.0,0.0,585326.7333333333,583652.55,34.18022147966087,0.0,0.0,0.0,0.0,0.0,0.0
2023-07-12,1.0,0.0,584560.3666666667,583652.2,28.63853024202878,0.0,1.0,1.0,0.0,0.0,0.0
2023-07-13,1.0,0.0,583818.1666666666,583598.6333333333,29.234546372355567,0.0,1.0,0.0,0.0,0.0,0.0
2023-07-13,0.0,-1.0,582991.3333333334,583169.4,33.2185700056299,-1.0,0.0,0.0,0.0,-1.0,0.332185700056299
2023-07-13,0.0,0.0,582455.4,583071.0333333333,44.114449316855726,0.0,0.0,0.0,0.0,0.0,0.0
2023-07-14,0.0,0.0,581871.4666666667,582878.45,42.196030851893575,0.0,0.0,0.0,0.0,0.0,0.0
2023-07-14,0.0,0.0,581577.7666666667,582833.15,48.5979962229122,0.0,0.0,0.0,0.0,0.0,0.0
2023-07-14,0.0,0.0,580812.4,582469.6666666666,40.03348758717979,0.0,0.0,0.0,0.0,0.0,0.0
2023-07-15,0.0,0.0,580040.6333333333,582068.3,37.50480901346524,0.0,0.0,0.0,0.0,0.0,0.0
2023-07-15,0.0,0.0,579471.4,581726.5666666667,37.96724983269827,0.0,0.0,0.0,0.0,0.0,0.0
2023-07-15,0.0,0.0,578800.1,581406.4166666666,35.80705265337106,0.0,0.0,0.0,0.0,0.0,0.0
2023-07-16,0.0,0.0,577900.2,581156.8666666667,37.71928553838131,0.0,0.0,0.0,0.0,0.0,0.0
2023-07-16,0.0,0.0,576980.4,580945.2333333333,41.20445373943268,0.0,0.0,0.0,0.0,0.0,0.0
2023-07-16,0.0,0.0,576358.7333333333,580788.4666666667,37.08730060591073,0.0,0.0,0.0,0.0,0.0,0.0
2023-07-17,0.0,0.0,575583.0333333333,580556.9666666667,40.55232558139535,0.0,0.0,0.0,0.0,0.0,0.0
2023-07-17,0.0,0.0,574787.4,580294.35,46.468480681708144,0.0,0.0,0.0,0.0,0.0,0.0
2023-07-17,0.0,0.0,573977.2666666667,579959.9,44.539959177264876,0.0,0.0,0.0,0.0,0.0,0.0
2023-07-18,0.0,0.0,573055.9333333333,579630.75,36.65737310468625,0.0,0.0,0.0,0.0,0.0,0.0
2023-07-18,0.0,0.0,571997.1333333333,579178.2333333333,21.724902581325765,0.0,1.0,1.0,0.0,0.0,0.0
2023-07-18,0.0,0.0,570809.2,578793.9833333333,22.1284154203763,0.0,1.0,0.0,0.0,0.0,0.0
2023-07-19,0.0,0.0,569784.2333333333,578362.2833333333,20.32890603966615,0.0,1.0,0.0,0.0,0.0,0.0
2023-07-19,0.0,0.0,568828.1,577893.5666666667,35.03409861820259,0.0,0.0,0.0,0.0,0.0,0.0
2023-07-19,0.0,0.0,567848.6333333333,577411.2833333333,29.141730620291483,0.0,1.0,1.0,0.0,0.0,0.0
2023-07-20,0.0,0.0,567132.1,576839.7333333333,36.78590496529632,0.0,0.0,0.0,0.0,0.0,0.0
2023-07-20,0.0,0.0,566124.0666666667,576407.4833333333,33.56833748889461,0.0,0.0,0.0,0.0,0.0,0.0
2023-07-20,0.0,0.0,565055.9666666667,575842.15,31.690486580842247,0.0,0.0,0.0,0.0,0.0,0.0
2023-07-21,0.0,0.0,563971.0666666667,575273.0333333333,30.579039277101757,0.0,0.0,0.0,0.0,0.0,0.0
2023-07-21,0.0,0.0,563033.3666666667,574674.0,32.96126429794994,0.0,0.0,0.0,0.0,0.0,0.0
2023-07-21,0.0,0.0,562289.6666666666,574103.1333333333,41.50900709821554,0.0,0.0,0.0,0.0,0.0,0.0
2023-07-22,0.0,0.0,561450.3,573598.7833333333,44.57712285456188,0.0,0.0,0.0,0.0,0.0,0.0
2023-07-22,0.0,0.0,560902.3666666667,573114.55,44.89523213828789,0.0,0.0,0.0,0.0,0.0,0.0
2023-07-22,0.0,0.0,560579.9333333333,572570.15,49.22534991739144,0.0,0.0,0.0,0.0,0.0,0.0
2023-07-23,0.0,0.0,560269.6666666666,572043.9166666666,57.12789632150805,0.0,0.0,0.0,0.0,0.0,0.0
2023-07-23,0.0,0.0,559788.6666666666,571390.0,59.772633885769075,0.0,0.0,0.0,0.0,0.0,0.0
2023-07-23,0.0,0.0,559155.0333333333,570805.2166666667,59.1231732776618,0.0,0.0,0.0,0.0,0.0,0.0
2023-07-24,0.0,0.0,558479.0666666667,570175.2666666667,49.09316244483406,0.0,0.0,0.0,0.0,0.0,0.0
2023-07-24,0.0,0.0,556998.6666666666,569288.2166666667,32.968616783727825,0.0,0.0,0.0,0.0,0.0,0.0
2023-07-24,0.0,0.0,556053.3666666667,568432.8833333333,26.40707508693599,0.0,1.0,1.0,0.0,0.0,0.0
2023-07-25,0.0,0.0,555082.6333333333,567561.6333333333,30.25107023024414,0.0,0.0,0.0,0.0,0.0,0.0
2023-07-25,0.0,0.0,554066.0666666667,566768.7333333333,30.963264726084176,0.0,0.0,0.0,0.0,0.0,0.0
2023-07-25,0.0,0.0,553021.9333333333,565911.0166666667,27.39447482821484,0.0,1.0,1.0,0.0,0.0,0.0
2023-07-26,0.0,0.0,552117.6666666666,565008.9333333333,32.7277058339469,0.0,0.0,0.0,0.0,0.0,0.0
2023-07-26,0.0,0.0,551178.7666666667,564079.5833333334,29.923302503947667,0.0,1.0,1.0,0.0,0.0,0.0
2023-07-26,0.0,0.0,550259.6333333333,563309.1833333333,27.996774565142275,0.0,1.0,0.0,0.0,0.0,0.0
2023-07-27,0.0,0.0,549484.4666666667,562533.75,29.44468556547959,0.0,1.0,0.0,0.0,0.0,0.0
2023-07-27,0.0,0.0,548592.8666666667,561690.1333333333,27.71923788224163,0.0,1.0,0.0,0.0,0.0,0.0
2023-07-27,0.0,0.0,547828.6666666666,560902.9666666667,30.03621830897964,0.0,0.0,0.0,0.0,0.0,0.0
2023-07-28,0.0,0.0,547287.8333333334,560171.8833333333,33.64449146389529,0.0,0.0,0.0,0.0,0.0,0.0
2023-07-28,0.0,0.0,546801.4666666667,559399.3,25.84945285730076,0.0,1.0,1.0,0.0,0.0,0.0
2023-07-28,0.0,0.0,546312.0666666667,558560.6333333333,27.061491818834043,0.0,1.0,0.0,0.0,0.0,0.0
2023-07-29,0.0,0.0,545743.5,557763.8666666667,51.63292555302948,0.0,0.0,0.0,0.0,0.0,0.0
2023-07-29,0.0,0.0,545114.7,556971.4,52.02152414194299,0.0,0.0,0.0,0.0,0.0,0.0
2023-07-29,0.0,0.0,544585.3,556216.9666666667,52.50161975379742,0.0,0.0,0.0,0.0,0.0,0.0
2023-07-30,0.0,0.0,543899.7666666667,555515.9333333333,52.74081573618745,0.0,0.0,0.0,0.0,0.0,0.0
2023-07-30,0.0,0.0,543385.9333333333,554755.0,58.30342455510693,0.0,0.0,0.0,0.0,0.0,0.0
2023-07-30,0.0,0.0,542895.5666666667,553975.7666666667,47.864007790338285,0.0,0.0,0.0,0.0,0.0,0.0
2023-07-31,0.0,0.0,542417.1,553194.0833333334,49.590633699033894,0.0,0.0,0.0,0.0,0.0,0.0
2023-07-31,0.0,0.0,541908.7666666667,552471.0666666667,49.97937463905618,0.0,0.0,0.0,0.0,0.0,0.0
2023-07-31,0.0,0.0,541312.1666666666,551800.9166666666,48.627351296390444,0.0,0.0,0.0,0.0,0.0,0.0
2023-08-01,0.0,0.0,540550.0333333333,551000.1666666666,50.091647028017796,0.0,0.0,0.0,0.0,0.0,0.0
2023-08-01,0.0,0.0,540039.3,550470.8333333334,57.463269481123305,0.0,0.0,0.0,0.0,0.0,0.0
2023-08-01,0.0,0.0,539991.7,550285.8166666667,69.23490799526525,0.0,0.0,0.0,-1.0,0.0,0.0
2023-08-02,0.0,0.0,539997.1,550133.3833333333,74.57875646335503,0.0,-1.0,-1.0,0.0,0.0,0.0
2023-08-02,0.0,0.0,539974.1666666666,549881.4166666666,75.73406478578893,0.0,-1.0,0.0,0.0,0.0,0.0
2023-08-02,0.0,0.0,539584.7333333333,549369.8833333333,62.600275312099484,0.0,0.0,1.0,0.0,0.0,0.0
2023-08-03,0.0,0.0,539471.3666666667,548975.2166666667,66.78790069351888,0.0,0.0,0.0,0.0,0.0,0.0
2023-08-03,0.0,0.0,540122.2,548560.4333333333,69.39060190293769,0.0,0.0,0.0,0.0,0.0,0.0
2023-08-03,0.0,0.0,540691.2,548372.2833333333,65.34585522704103,0.0,0.0,0.0,0.0,0.0,0.0
2023-08-04,0.0,0.0,541410.0,548246.3166666667,68.01483894317771,0.0,0.0,0.0,0.0,0.0,0.0
2023-08-04,0.0,0.0,541887.3,547976.6833333333,60.411476332074265,0.0,0.0,0.0,1.0,0.0,0.0
2023-08-04,0.0,0.0,542385.0,547703.4666666667,58.041448933037806,0.0,0.0,0.0,0.0,0.0,0.0
2023-08-05,0.0,0.0,542716.0,547416.8333333334,57.380038387715935,0.0,0.0,0.0,0.0,0.0,0.0
2023-08-05,0.0,0.0,542955.1,547066.9333333333,55.65598892294289,0.0,0.0,0.0,0.0,0.0,0.0
2023-08-05,0.0,0.0,543223.7666666667,546741.7,59.671482093483625,0.0,0.0,0.0,0.0,0.0,0.0
2023-08-06,0.0,0.0,543503.4666666667,546493.9666666667,55.19485240657263,0.0,0.0,0.0,0.0,0.0,0.0
2023-08-06,0.0,0.0,543889.2333333333,546241.05,41.28574975734182,0.0,0.0,0.0,0.0,0.0,0.0
2023-08-06,0.0,0.0,544179.7333333333,546004.2,37.16087261131109,0.0,0.0,0.0,0.0,0.0,0.0
2023-08-07,0.0,0.0,544505.7,545896.7666666667,43.65364358900699,0.0,0.0,0.0,0.0,0.0,0.0
2023-08-07,0.0,0.0,544884.2,545842.8333333334,51.6829440905874,0.0,0.0,0.0,0.0,0.0,0.0
2023-08-07,0.0,0.0,545570.6,545941.3333333334,55.443011538662354,0.0,0.0,0.0,0.0,0.0,0.0
2023-08-08,1.0,1.0,546246.8333333334,545995.1666666666,52.32801720526213,1.0,0.0,0.0,0.0,1.0,0.5232801720526212
2023-08-08,1.0,0.0,547319.0,546216.85,68.88619572563917,0.0,0.0,0.0,0.0,0.0,0.0
2023-08-08,1.0,0.0,548434.4,546509.85,66.61498449534861,0.0,0.0,0.0,0.0,0.0,0.0
2023-08-09,1.0,0.0,549612.7,546756.2333333333,84.14611982795178,0.0,-1.0,-1.0,0.0,0.0,0.0
2023-08-09,1.0,0.0,550851.9,547118.9166666666,88.6264292951223,0.0,-1.0,0.0,0.0,0.0,0.0
2023-08-09,1.0,0.0,551901.6333333333,547398.6,75.26242041348115,0.0,-1.0,0.0,0.0,0.0,0.0
2023-08-10,1.0,0.0,552831.0333333333,547624.0666666667,75.18110158878275,0.0,-1.0,0.0,0.0,0.0,0.0
2023-08-10,1.0,0.0,553645.4666666667,547777.1166666667,68.82059303903752,0.0,0.0,1.0,0.0,0.0,0.0
2023-08-10,1.0,0.0,554512.9333333333,547912.55,69.26042682511964,0.0,0.0,0.0,0.0,0.0,0.0
2023-08-11,1.0,0.0,555502.7666666667,548026.4,71.16325674605024,0.0,-1.0,-1.0,0.0,0.0,0.0
2023-08-11,1.0,0.0,556240.7,548140.0,70.29896619167366,0.0,-1.0,0.0,0.0,0.0,0.0
2023-08-11,1.0,0.0,556601.3,548296.5,68.7743262098847,0.0,0.0,1.0,0.0,0.0,0.0
2023-08-12,1.0,0.0,556875.9333333333,548436.5166666667,69.2663534513914,0.0,0.0,0.0,0.0,0.0,0.0
2023-08-12,1.0,0.0,557258.2333333333,548616.2,64.65600842315258,0.0,0.0,0.0,0.0,0.0,0.0
2023-08-12,1.0,0.0,557867.4666666667,548726.1,62.61430246189918,0.0,0.0,0.0,0.0,0.0,0.0
2023-08-13,1.0,0.0,558339.9333333333,548905.65,43.540393193457795,0.0,0.0,0.0,0.0,0.0,0.0
2023-08-13,1.0,0.0,558679.5333333333,549400.8666666667,39.76115982902216,0.0,0.0,0.0,0.0,0.0,0.0
2023-08-13,1.0,0.0,559088.3666666667,549889.7833333333,33.98154536046913,0.0,0.0,0.0,0.0,0.0,0.0
2023-08-14,1.0,0.0,559409.7,550409.85,33.418855453122276,0.0,0.0,0.0,0.0,0.0,0.0
2023-08-14,1.0,0.0,560135.4,551011.35,58.0184468908063,0.0,0.0,0.0,0.0,0.0,0.0
2023-08-14,1.0,0.0,560844.3333333334,551614.6666666666,58.28725153190853,0.0,0.0,0.0,0.0,0.0,0.0
2023-08-15,1.0,0.0,561719.8,552217.9,76.4430204198747,0.0,-1.0,-1.0,0.0,0.0,0.0
2023-08-15,1.0,0.0,562521.2666666667,552738.1833333333,61.35553933982916,0.0,0.0,1.0,0.0,0.0,0.0
2023-08-15,1.0,0.0,563268.3,553246.0333333333,59.43698282672876,0.0,0.0,0.0,0.0,0.0,0.0
2023-08-16,1.0,0.0,563899.2,553701.3333333334,54.80197830004217,0.0,0.0,0.0,0.0,0.0,0.0
2023-08-16,1.0,0.0,564480.0666666667,554184.65,48.025825676682395,0.0,0.0,0.0,0.0,0.0,0.0
2023-08-16,1.0,0.0,564912.8333333334,554546.2833333333,40.6909424530988,0.0,0.0,0.0,0.0,0.0,0.0
2023-08-17,1.0,0.0,565133.7,554819.7,35.23590534679978,0.0,0.0,0.0,0.0,0.0,0.0
2023-08-17,1.0,0.0,564893.5666666667,554888.8833333333,24.603772006858193,0.0,1.0,1.0,1.0,0.0,0.0
2023-08-17,1.0,0.0,563720.1,554645.35,17.11762823310349,0.0,1.0,0.0,0.0,0.0,0.0
2023-08-18,1.0,0.0,562240.8,554243.8166666667,14.629580101631461,0.0,1.0,0.0,0.0,0.0,0.0
2023-08-18,1.0,0.0,559979.9,553649.45,12.755786159855418,0.0,1.0,0.0,0.0,0.0,0.0
2023-08-18,1.0,0.0,557742.3666666667,553088.3833333333,13.16785034582,0.0,1.0,0.0,0.0,0.0,0.0
2023-08-19,1.0,0.0,555422.4,552517.55,8.782100421617486,0.0,1.0,0.0,0.0,0.0,0.0
2023-08-19,1.0,0.0,553234.8333333334,552043.3666666667,15.979567851008056,0.0,1.0,0.0,0.0,0.0,0.0
2023-08-19,0.0,-1.0,551252.8333333334,551577.2333333333,11.610372168094145,-1.0,1.0,0.0,0.0,-1.0,0.11610372168094145
2023-08-20,0.0,0.0,549319.8333333334,551075.4333333333,12.131470425309288,0.0,1.0,0.0,0.0,0.0,0.0
2023-08-20,0.0,0.0,547457.8333333334,550551.65,12.074542380357272,0.0,1.0,0.0,0.0,0.0,0.0
2023-08-20,0.0,0.0,545546.0,550029.4666666667,12.65884960767768,0.0,1.0,0.0,0.0,0.0,0.0
2023-08-21,0.0,0.0,543499.5,549501.1333333333,12.445671689842627,0.0,1.0,0.0,0.0,0.0,0.0
2023-08-21,0.0,0.0,541415.5333333333,548828.1166666667,12.858202845154025,0.0,1.0,0.0,0.0,0.0,0.0
2023-08-21,0.0,0.0,539386.8,547994.05,16.170842144868118,0.0,1.0,0.0,0.0,0.0,0.0
2023-08-22,0.0,0.0,537215.5333333333,547045.7333333333,18.63942933197744,0.0,1.0,0.0,0.0,0.0,0.0
2023-08-22,0.0,0.0,534862.3,546060.2666666667,25.057295645530942,0.0,1.0,0.0,1.0,0.0,0.0
2023-08-22,0.0,0.0,532570.5666666667,545219.0166666667,32.507046004305266,0.0,0.0,0.0,0.0,0.0,0.0
2023-08-23,0.0,0.0,530332.9,544336.4166666666,46.332558911384,0.0,0.0,0.0,0.0,0.0,0.0
2023-08-23,0.0,0.0,527813.6666666666,543246.6,32.636016544702514,0.0,0.0,0.0,0.0,0.0,0.0
2023-08-23,0.0,0.0,525567.1,542327.7333333333,43.91016680644861,0.0,0.0,0.0,0.0,0.0,0.0
2023-08-24,0.0,0.0,523374.7,541392.2,40.377900497758844,0.0,0.0,0.0,0.0,0.0,0.0
2023-08-24,0.0,0.0,520879.9,540507.65,36.42761394101877,0.0,0.0,0.0,0.0,0.0,0.0
2023-08-24,0.0,0.0,518585.76666666666,539715.05,42.267361611833294,0.0,0.0,0.0,0.0,0.0,0.0
2023-08-25,0.0,0.0,516081.23333333334,538900.5166666667,41.65803740025583,0.0,0.0,0.0,0.0,0.0,0.0
2023-08-25,0.0,0.0,513622.9666666667,538072.1166666667,39.27218614718615,0.0,0.0,0.0,0.0,0.0,0.0
2023-08-25,0.0,0.0,511237.36666666664,537252.8333333334,44.223671259842526,0.0,0.0,0.0,0.0,0.0,0.0
2023-08-26,0.0,0.0,508991.7,536445.45,47.608367654854625,0.0,0.0,0.0,0.0,0.0,0.0
2023-08-26,0.0,0.0,506855.63333333336,535667.85,45.39620476423213,0.0,0.0,0.0,0.0,0.0,0.0
2023-08-26,0.0,0.0,504844.6,534878.7166666667,48.76951876540955,0.0,0.0,0.0,0.0,0.0,0.0
2023-08-27,0.0,0.0,502953.76666666666,534043.7333333333,54.75346274519807,0.0,0.0,0.0,0.0,0.0,0.0
2023-08-27,0.0,0.0,501590.0,533241.7833333333,54.54475565692028,0.0,0.0,0.0,0.0,0.0,0.0
2023-08-27,0.0,0.0,500915.43333333335,532317.7666666667,52.13458663761433,0.0,0.0,0.0,0.0,0.0,0.0
2023-08-28,0.0,0.0,500451.8333333333,531346.3166666667,63.538675312644735,0.0,0.0,0.0,0.0,0.0,0.0
2023-08-28,0.0,0.0,500428.56666666665,530204.2333333333,55.32349602724177,0.0,0.0,0.0,0.0,0.0,0.0
2023-08-28,0.0,0.0,500317.6,529029.9833333333,47.70825029892387,0.0,0.0,0.0,0.0,0.0,0.0
2023-08-29,0.0,0.0,500138.36666666664,527780.3833333333,51.53805673826724,0.0,0.0,0.0,0.0,0.0,0.0
2023-08-29,0.0,0.0,500571.6666666667,526903.25,75.8089552238806,0.0,-1.0,-1.0,0.0,0.0,0.0
2023-08-29,0.0,0.0,501212.0,526232.4166666666,82.14450981688373,0.0,-1.0,0.0,0.0,0.0,0.0
2023-08-30,0.0,0.0,501770.0,525544.9166666666,81.76255126883513,0.0,-1.0,0.0,0.0,0.0,0.0
2023-08-30,0.0,0.0,502232.13333333336,524844.9833333333,74.2315615986815,0.0,-1.0,0.0,0.0,0.0,0.0
2023-08-30,0.0,0.0,502754.36666666664,524150.18333333335,74.34572155221922,0.0,-1.0,0.0,0.0,0.0,0.0
2023-08-31,0.0,0.0,503440.0,523469.75,74.47867782085288,0.0,-1.0,0.0,0.0,0.0,0.0
2023-08-31,0.0,0.0,504130.4,522772.9666666667,72.9645991164771,0.0,-1.0,0.0,0.0,0.0,0.0
2023-08-31,0.0,0.0,504047.93333333335,521717.36666666664,51.48660499589805,0.0,0.0,1.0,1.0,0.0,0.0
2023-09-01,0.0,0.0,504050.6,520633.06666666665,49.320332664181244,0.0,0.0,0.0,0.0,0.0,0.0
2023-09-01,0.0,0.0,504143.56666666665,519502.93333333335,48.733352224426184,0.0,0.0,0.0,0.0,0.0,0.0
2023-09-01,0.0,0.0,504136.26666666666,518353.4166666667,48.53530507422249,0.0,0.0,0.0,0.0,0.0,0.0
2023-09-02,0.0,0.0,504146.73333333334,517239.81666666665,49.00803914715134,0.0,0.0,0.0,0.0,0.0,0.0
2023-09-02,0.0,0.0,504465.56666666665,516139.61666666664,49.859774539455586,0.0,0.0,0.0,0.0,0.0,0.0
2023-09-02,0.0,0.0,504503.0,515035.05,50.89245621912887,0.0,0.0,0.0,0.0,0.0,0.0
2023-09-03,0.0,0.0,504422.1666666667,513898.43333333335,25.21742846763682,0.0,1.0,1.0,0.0,0.0,0.0
2023-09-03,0.0,0.0,504478.63333333336,512679.26666666666,14.852376664613061,0.0,1.0,0.0,0.0,0.0,0.0
2023-09-03,0.0,0.0,504480.43333333335,511533.1,21.11145606954362,0.0,1.0,0.0,0.0,0.0,0.0
2023-09-04,0.0,0.0,504521.56666666665,510301.4,22.944947699016282,0.0,1.0,0.0,0.0,0.0,0.0
2023-09-04,0.0,0.0,504728.2,509175.5833333333,23.49500051541078,0.0,1.0,0.0,0.0,0.0,0.0
2023-09-04,0.0,0.0,504956.3,508096.8333333333,25.80846703653721,0.0,1.0,0.0,0.0,0.0,0.0
2023-09-05,0.0,0.0,505239.0,507115.35,32.67653839754712,0.0,0.0,0.0,0.0,0.0,0.0
2023-09-05,0.0,0.0,505436.1,506145.86666666664,58.64687313369166,0.0,0.0,0.0,0.0,0.0,0.0
2023-09-05,1.0,1.0,505647.4,505246.0,61.52511456155181,1.0,0.0,0.0,0.0,1.0,0.6152511456155181
2023-09-06,1.0,0.0,505914.4,504434.0833333333,70.10244428468727,0.0,-1.0,-1.0,0.0,0.0,0.0
2023-09-06,1.0,0.0,505947.43333333335,503768.7166666667,58.9934586153439,0.0,0.0,1.0,0.0,0.0,0.0
2023-09-06,1.0,0.0,506084.93333333335,503500.18333333335,60.10814389759435,0.0,0.0,0.0,0.0,0.0,0.0
2023-09-07,1.0,0.0,506328.5,503390.1666666667,61.54391688238006,0.0,0.0,0.0,0.0,0.0,0.0
2023-09-07,1.0,0.0,506439.1666666667,503433.86666666664,58.435742904279316,0.0,0.0,0.0,0.0,0.0,0.0
2023-09-07,1.0,0.0,506837.5333333333,503577.56666666665,67.53963871578449,0.0,0.0,0.0,0.0,0.0,0.0
2023-09-08,1.0,0.0,507265.1,503701.73333333334,64.87018890797052,0.0,0.0,0.0,0.0,0.0,0.0
2023-09-08,1.0,0.0,506657.63333333336,503614.65,53.890093492807345,0.0,0.0,0.0,0.0,0.0,0.0
2023-09-08,1.0,0.0,505901.73333333334,503556.86666666664,56.10332993228829,0.0,0.0,0.0,0.0,0.0,0.0
2023-09-09,1.0,0.0,505247.43333333335,503508.7166666667,53.82363702890597,0.0,0.0,0.0,0.0,0.0,0.0
2023-09-09,1.0,0.0,504721.8,503476.9666666667,51.15624524570212,0.0,0.0,0.0,0.0,0.0,0.0
2023-09-09,1.0,0.0,504144.13333333336,503449.25,47.15951172678645,0.0,0.0,0.0,0.0,0.0,0.0
2023-09-10,1.0,0.0,503529.5,503484.75,49.48477347302976,0.0,0.0,0.0,0.0,0.0,0.0
2023-09-10,0.0,-1.0,502934.4666666667,503532.43333333335,48.28841540849443,-1.0,0.0,0.0,0.0,-1.0,0.4828841540849443
2023-09-10,0.0,0.0,503001.76666666666,503524.85,44.37436713438449,0.0,0.0,0.0,0.0,0.0,0.0
2023-09-11,0.0,0.0,503004.1,503527.35,47.12859118144108,0.0,0.0,0.0,0.0,0.0,0.0
2023-09-11,0.0,0.0,502574.1,503358.8333333333,29.339541830481664,0.0,1.0,1.0,1.0,0.0,0.0
2023-09-11,0.0,0.0,502187.8333333333,503162.05,25.823707085379638,0.0,1.0,0.0,0.0,0.0,0.0
2023-09-12,0.0,0.0,502304.4,503225.56666666665,48.89686289835507,0.0,0.0,0.0,0.0,0.0,0.0
2023-09-12,0.0,0.0,502489.6666666667,503477.61666666664,43.524607864308294,0.0,0.0,0.0,0.0,0.0,0.0
2023-09-12,0.0,0.0,502506.2,503504.6,40.01913322864208,0.0,0.0,0.0,0.0,0.0,0.0
2023-09-13,0.0,0.0,502573.1,503497.63333333336,47.13689579228005,0.0,0.0,0.0,0.0,0.0,0.0
2023-09-13,0.0,0.0,502847.7,503663.1666666667,51.115676641357744,0.0,0.0,0.0,0.0,0.0,0.0
2023-09-13,0.0,0.0,502994.86666666664,503737.65,49.86947914294223,0.0,0.0,0.0,0.0,0.0,0.0
2023-09-14,0.0,0.0,503314.9,503918.23333333334,53.7022182205124,0.0,0.0,0.0,0.0,0.0,0.0
2023-09-14,0.0,0.0,503850.2,504289.2,59.238119946383016,0.0,0.0,0.0,-1.0,0.0,0.0
2023-09-14,0.0,0.0,504212.26666666666,504584.2833333333,56.87872790932617,0.0,0.0,0.0,0.0,0.0,0.0
2023-09-15,0.0,0.0,504561.73333333334,504900.36666666664,59.230088020609706,0.0,0.0,0.0,0.0,0.0,0.0
2023-09-15,0.0,0.0,504847.5,505141.8,56.828188161384176,0.0,0.0,0.0,0.0,0.0,0.0
2023-09-15,0.0,0.0,505188.43333333335,505417.9166666667,60.03611667255525,0.0,0.0,0.0,0.0,0.0,0.0
2023-09-16,0.0,0.0,505472.8,505693.6,74.68593066909362,0.0,-1.0,-1.0,0.0,0.0,0.0
2023-09-16,0.0,0.0,505915.4,505931.4166666667,74.15798143889351,0.0,-1.0,0.0,0.0,0.0,0.0
2023-09-16,1.0,1.0,506284.6,506184.76666666666,64.46125600017697,1.0,0.0,1.0,0.0,1.0,0.6446125600017697
2023-09-17,1.0,0.0,506567.9666666667,506448.23333333334,61.366806136680616,0.0,0.0,0.0,0.0,0.0,0.0
2023-09-17,1.0,0.0,506986.23333333334,506712.7,74.19254218063236,0.0,-1.0,-1.0,0.0,0.0,0.0
2023-09-17,1.0,0.0,507080.8,506959.1666666667,71.02459867659714,0.0,-1.0,0.0,0.0,0.0,0.0
2023-09-18,1.0,0.0,507338.8,507301.95,68.30368735393404,0.0,0.0,1.0,0.0,0.0,0.0
2023-09-18,1.0,0.0,508237.43333333335,507447.5333333333,80.1580088093407,0.0,-1.0,-1.0,0.0,0.0,0.0
2023-09-18,1.0,0.0,508728.63333333336,507315.18333333335,60.45903486009695,0.0,0.0,1.0,0.0,0.0,0.0
2023-09-19,1.0,0.0,509337.43333333335,507292.43333333335,55.97930756483182,0.0,0.0,0.0,0.0,0.0,0.0
2023-09-19,1.0,0.0,510211.2,507466.5,66.60743826971387,0.0,0.0,0.0,0.0,0.0,0.0
2023-09-19,1.0,0.0,510952.6,507548.36666666664,59.79414797888905,0.0,0.0,0.0,0.0,0.0,0.0
2023-09-20,1.0,0.0,511666.8333333333,507598.1666666667,63.39507760912443,0.0,0.0,0.0,0.0,0.0,0.0
2023-09-20,1.0,0.0,512256.23333333334,507595.35,56.31335100248852,0.0,0.0,0.0,0.0,0.0,0.0
2023-09-20,1.0,0.0,512900.23333333334,507951.0,56.88815237791,0.0,0.0,0.0,0.0,0.0,0.0
2023-09-21,1.0,0.0,513641.73333333334,508322.9166666667,57.11393521488134,0.0,0.0,0.0,0.0,0.0,0.0
2023-09-21,1.0,0.0,514614.5,508594.3,49.38813007002704,0.0,0.0,0.0,0.0,0.0,0.0
2023-09-21,1.0,0.0,515614.06666666665,508900.95,50.4370851934208,0.0,0.0,0.0,0.0,0.0,0.0
2023-09-22,1.0,0.0,516052.56666666665,509178.48333333334,49.45980433857933,0.0,0.0,0.0,0.0,0.0,0.0
2023-09-22,1.0,0.0,516304.63333333336,509397.15,48.44031193761248,0.0,0.0,0.0,0.0,0.0,0.0
2023-09-22,1.0,0.0,516735.13333333336,509620.6666666667,45.03241928947723,0.0,0.0,0.0,0.0,0.0,0.0
2023-09-23,1.0,0.0,517183.13333333336,509878.11666666664,33.050899742930596,0.0,0.0,0.0,0.0,0.0,0.0
2023-09-23,1.0,0.0,517487.9,510167.8,44.35521596756588,0.0,0.0,0.0,0.0,0.0,0.0
2023-09-23,1.0,0.0,517814.6,510404.73333333334,37.834783591366254,0.0,0.0,0.0,0.0,0.0,0.0
2023-09-24,1.0,0.0,517981.5333333333,510648.2166666667,20.45760430686407,0.0,1.0,1.0,0.0,0.0,0.0
2023-09-24,1.0,0.0,517877.13333333336,510863.6666666667,25.182842458983984,0.0,1.0,0.0,0.0,0.0,0.0
2023-09-24,1.0,0.0,517686.36666666664,510949.31666666665,21.26949146883034,0.0,1.0,0.0,0.0,0.0,0.0
2023-09-25,1.0,0.0,517397.63333333336,510979.68333333335,25.354429388266624,0.0,1.0,0.0,0.0,0.0,0.0
2023-09-25,1.0,0.0,517190.3333333333,511018.9166666667,21.731227990457796,0.0,1.0,0.0,0.0,0.0,0.0
2023-09-25,1.0,0.0,516884.93333333335,511036.68333333335,20.83424090612067,0.0,1.0,0.0,0.0,0.0,0.0
2023-09-26,1.0,0.0,516661.63333333336,511067.2166666667,37.526633120268365,0.0,0.0,0.0,0.0,0.0,0.0
2023-09-26,1.0,0.0,516500.36666666664,511207.88333333336,38.367620751341676,0.0,0.0,0.0,0.0,0.0,0.0
2023-09-26,1.0,0.0,516349.5333333333,511317.06666666665,39.50786056049214,0.0,0.0,0.0,0.0,0.0,0.0
2023-09-27,1.0,0.0,516281.6,511424.7833333333,49.677019732767015,0.0,0.0,0.0,0.0,0.0,0.0
2023-09-27,1.0,0.0,516307.9666666667,511647.1,60.09483710092793,0.0,0.0,0.0,0.0,0.0,0.0
2023-09-27,1.0,0.0,516383.2,511732.0,56.636460554371,0.0,0.0,0.0,0.0,0.0,0.0
2023-09-28,1.0,0.0,516478.1666666667,511908.48333333334,60.16810837277623,0.0,0.0,0.0,0.0,0.0,0.0
2023-09-28,1.0,0.0,516290.4,512263.9166666667,68.14660413409761,0.0,0.0,0.0,0.0,0.0,0.0
2023-09-28,1.0,0.0,516450.5333333333,512589.5833333333,67.55518820814822,0.0,0.0,0.0,0.0,0.0,0.0
2023-09-29,1.0,0.0,516510.36666666664,512923.9,67.63543921124051,0.0,0.0,0.0,0.0,0.0,0.0
2023-09-29,1.0,0.0,516165.86666666664,513188.5333333333,71.0117222723174,0.0,-1.0,-1.0,0.0,0.0,0.0
2023-09-29,1.0,0.0,516006.0,513479.3,72.87271745367401,0.0,-1.0,0.0,0.0,0.0,0.0
2023-09-30,1.0,0.0,515933.5333333333,513800.18333333335,78.13573737030107,0.0,-1.0,0.0,0.0,0.0,0.0
2023-09-30,1.0,0.0,515995.4666666667,514125.85,80.0976460331299,0.0,-1.0,0.0,0.0,0.0,0.0
2023-09-30,1.0,0.0,516026.36666666664,514463.3,77.58240923591069,0.0,-1.0,0.0,0.0,0.0,0.0
2023-10-01,1.0,0.0,516153.8,514897.76666666666,78.5851623435516,0.0,-1.0,0.0,-1.0,0.0,0.0
2023-10-01,1.0,0.0,516546.4666666667,515580.48333333334,78.31753984678502,0.0,-1.0,0.0,0.0,0.0,0.0
2023-10-01,1.0,0.0,517350.73333333334,516482.4,84.53851132686084,0.0,-1.0,0.0,0.0,0.0,0.0
2023-10-02,1.0,0.0,518420.1666666667,517236.36666666664,85.9815497288796,0.0,-1.0,0.0,0.0,0.0,0.0
2023-10-02,1.0,0.0,519569.86666666664,517937.25,85.88379898832316,0.0,-1.0,0.0,0.0,0.0,0.0
2023-10-02,1.0,0.0,520448.4,518591.76666666666,67.96029432746988,0.0,0.0,1.0,0.0,0.0,0.0
2023-10-03,1.0,0.0,521360.3333333333,519271.73333333334,67.2152004338214,0.0,0.0,0.0,0.0,0.0,0.0
2023-10-03,1.0,0.0,522130.7,519809.3,63.82721673169476,0.0,0.0,0.0,0.0,0.0,0.0
2023-10-03,1.0,0.0,522932.23333333334,520373.4166666667,63.59359738473498,0.0,0.0,0.0,0.0,0.0,0.0
2023-10-04,1.0,0.0,523776.13333333336,520878.8333333333,70.41101786098558,0.0,-1.0,-1.0,0.0,0.0,0.0
2023-10-04,1.0,0.0,524579.6,521228.36666666664,68.12767562052215,0.0,0.0,1.0,0.0,0.0,0.0
2023-10-04,1.0,0.0,525788.3666666667,521737.36666666664,71.2424448625065,0.0,-1.0,-1.0,0.0,0.0,0.0
2023-10-05,1.0,0.0,526990.5333333333,522194.0833333333,71.80723377645089,0.0,-1.0,0.0,0.0,0.0,0.0
2023-10-05,1.0,0.0,528319.2333333333,522754.7833333333,73.27541066268448,0.0,-1.0,0.0,0.0,0.0,0.0
2023-10-05,1.0,0.0,529565.7666666667,523225.35,66.70037588963729,0.0,0.0,1.0,0.0,0.0,0.0
2023-10-06,1.0,0.0,530841.7333333333,523751.68333333335,68.82644094544672,0.0,0.0,0.0,0.0,0.0,0.0
2023-10-06,1.0,0.0,532163.6666666666,524332.0166666667,61.45163436377345,0.0,0.0,0.0,0.0,0.0,0.0
2023-10-06,1.0,0.0,533435.0666666667,524892.3,51.86076273355516,0.0,0.0,0.0,0.0,0.0,0.0
2023-10-07,1.0,0.0,534631.7,525456.65,51.623025875816666,0.0,0.0,0.0,0.0,0.0,0.0
2023-10-07,1.0,0.0,535750.5333333333,526029.25,70.06607201850017,0.0,-1.0,-1.0,0.0,0.0,0.0
2023-10-07,1.0,0.0,536843.6333333333,526613.4166666666,65.86551139574308,0.0,0.0,1.0,0.0,0.0,0.0
2023-10-08,1.0,0.0,537857.6333333333,527167.9,75.70359218834943,0.0,-1.0,-1.0,0.0,0.0,0.0
2023-10-08,1.0,0.0,538690.5666666667,527490.4833333333,73.59632039116562,0.0,-1.0,0.0,0.0,0.0,0.0
2023-10-08,1.0,0.0,539544.0666666667,527997.3,72.3947874385815,0.0,-1.0,0.0,0.0,0.0,0.0
2023-10-09,1.0,0.0,540382.7333333333,528446.55,74.60772808275742,0.0,-1.0,0.0,0.0,0.0,0.0
2023-10-09,1.0,0.0,541142.1,528653.9833333333,46.127162739540594,0.0,0.0,1.0,0.0,0.0,0.0
2023-10-09,1.0,0.0,541914.8,528960.4,51.28896766983931,0.0,0.0,0.0,0.0,0.0,0.0
2023-10-10,1.0,0.0,542650.0,529291.7666666667,47.36864018652677,0.0,0.0,0.0,0.0,0.0,0.0
2023-10-10,1.0,0.0,543031.0333333333,529513.25,36.165681225761325,0.0,0.0,0.0,1.0,0.0,0.0
2023-10-10,1.0,0.0,543379.9333333333,529703.15,27.24688313467597,0.0,1.0,1.0,0.0,0.0,0.0
2023-10-11,1.0,0.0,543457.0333333333,529805.4166666666,15.792976673427987,0.0,1.0,0.0,0.0,0.0,0.0
2023-10-11,1.0,0.0,543187.0333333333,529866.75,12.270678913541332,0.0,1.0,0.0,0.0,0.0,0.0
2023-10-11,1.0,0.0,542521.9666666667,529936.35,15.341476165581497,0.0,1.0,0.0,0.0,0.0,0.0
2023-10-12,1.0,0.0,541611.0666666667,530015.6166666667,13.143330814052717,0.0,1.0,0.0,0.0,0.0,0.0
2023-10-12,1.0,0.0,540624.8333333334,530097.35,12.543284978942438,0.0,1.0,0.0,0.0,0.0,0.0
2023-10-12,1.0,0.0,540053.2,530250.8,16.587074890654293,0.0,1.0,0.0,0.0,0.0,0.0
2023-10-13,1.0,0.0,539499.6,530429.9666666667,24.1605899559181,0.0,1.0,0.0,0.0,0.0,0.0
2023-10-13,1.0,0.0,538940.0666666667,530535.3833333333,22.605327063176972,0.0,1.0,0.0,0.0,0.0,0.0
2023-10-13,1.0,0.0,538441.1,530686.6666666666,25.392018430439947,0.0,1.0,0.0,0.0,0.0,0.0
2023-10-14,1.0,0.0,538001.0666666667,530888.6,32.82171419339204,0.0,0.0,0.0,0.0,0.0,0.0
2023-10-14,1.0,0.0,537604.4666666667,531092.0333333333,30.401305603213785,0.0,0.0,0.0,0.0,0.0,0.0
2023-10-14,1.0,0.0,536959.7,531374.0333333333,29.301180092355054,0.0,1.0,1.0,0.0,0.0,0.0
2023-10-15,1.0,0.0,536353.5333333333,531672.0333333333,39.66440003102619,0.0,0.0,0.0,0.0,0.0,0.0
2023-10-15,1.0,0.0,535658.5333333333,531988.8833333333,40.375302663438255,0.0,0.0,0.0,0.0,0.0,0.0
2023-10-15,1.0,0.0,535250.3666666667,532408.0666666667,53.91877875588415,0.0,0.0,0.0,0.0,0.0,0.0
2023-10-16,1.0,0.0,535176.7,533009.2166666667,83.13042192429022,0.0,-1.0,-1.0,-1.0,0.0,0.0
2023-10-16,1.0,0.0,535024.8,533594.2333333333,82.63263390251947,0.0,-1.0,0.0,0.0,0.0,0.0
2023-10-16,1.0,0.0,535121.3,534278.1833333333,84.9116078120178,0.0,-1.0,0.0,0.0,0.0,0.0
2023-10-17,1.0,0.0,535221.9333333333,534926.8166666667,88.44093344229547,0.0,-1.0,0.0,0.0,0.0,0.0
2023-10-17,0.0,-1.0,535213.7666666667,535482.15,83.40385411396771,-1.0,-1.0,0.0,0.0,-1.0,0.8340385411396771
2023-10-17,0.0,0.0,535192.8333333334,536018.2333333333,80.85628303365957,0.0,-1.0,0.0,0.0,0.0,0.0
2023-10-18,0.0,0.0,535210.5,536534.0666666667,89.07128341822596,0.0,-1.0,0.0,0.0,0.0,0.0
2023-10-18,0.0,0.0,535328.4333333333,537009.5,89.15343915343915,0.0,-1.0,0.0,0.0,0.0,0.0
2023-10-18,0.0,0.0,535438.1666666666,537491.1166666667,87.54175016700067,0.0,-1.0,0.0,0.0,0.0,0.0
2023-10-19,0.0,0.0,535658.8,538020.7666666667,88.46153846153847,0.0,-1.0,0.0,0.0,0.0,0.0
2023-10-19,0.0,0.0,536203.0666666667,538672.5833333334,91.85632297644963,0.0,-1.0,0.0,0.0,0.0,0.0
2023-10-19,0.0,0.0,536638.8,539276.8,89.69907983088784,0.0,-1.0,0.0,0.0,0.0,0.0
2023-10-20,0.0,0.0,537451.0666666667,540050.5333333333,92.85686427457098,0.0,-1.0,0.0,0.0,0.0,0.0
2023-10-20,0.0,0.0,538723.5,540877.2666666667,92.5305872756933,0.0,-1.0,0.0,0.0,0.0,0.0
2023-10-20,0.0,0.0,540181.9666666667,541780.95,90.84341565843415,0.0,-1.0,0.0,0.0,0.0,0.0
2023-10-21,0.0,0.0,541879.8333333334,542668.4333333333,91.11633885480077,0.0,-1.0,0.0,0.0,0.0,0.0
2023-10-21,1.0,1.0,544012.6,543599.8166666667,90.3020836091181,1.0,-1.0,0.0,0.0,1.0,0.903020836091181
2023-10-21,1.0,0.0,546060.1666666666,544291.0666666667,88.37007874015748,0.0,-1.0,0.0,0.0,0.0,0.0
2023-10-22,1.0,0.0,548036.7666666667,544823.9166666666,88.53273731264791,0.0,-1.0,0.0,0.0,0.0,0.0
2023-10-22,1.0,0.0,550064.6666666666,545344.75,88.85751233802222,0.0,-1.0,0.0,0.0,0.0,0.0
2023-10-22,1.0,0.0,552072.2666666667,546062.7333333333,88.94648654309351,0.0,-1.0,0.0,0.0,0.0,0.0
2023-10-23,1.0,0.0,554381.9,546940.75,91.40244771621154,0.0,-1.0,0.0,0.0,0.0,0.0
2023-10-23,1.0,0.0,556867.8666666667,547903.9666666667,92.32318843442025,0.0,-1.0,0.0,0.0,0.0,0.0
2023-10-23,1.0,0.0,560752.6333333333,549596.8666666667,95.73831242873432,0.0,-1.0,0.0,0.0,0.0,0.0
2023-10-24,1.0,0.0,565172.1333333333,551586.6,96.36793466580701,0.0,-1.0,0.0,0.0,0.0,0.0
2023-10-24,1.0,0.0,569358.8666666667,553481.6666666666,91.69897215207881,0.0,-1.0,0.0,0.0,0.0,0.0
2023-10-24,1.0,0.0,573748.9333333333,555354.3166666667,91.17872159493551,0.0,-1.0,0.0,0.0,0.0,0.0
2023-10-25,1.0,0.0,578135.6333333333,557244.5833333334,91.03213102156477,0.0,-1.0,0.0,0.0,0.0,0.0
2023-10-25,1.0,0.0,583138.4666666667,559398.5,92.06722803320616,0.0,-1.0,0.0,-1.0,0.0,0.0
2023-10-25,1.0,0.0,587746.5666666667,561498.4666666667,86.76513719611549,0.0,-1.0,0.0,0.0,0.0,0.0
2023-10-26,1.0,0.0,592128.7,563652.7,87.19424233585849,0.0,-1.0,0.0,0.0,0.0,0.0
2023-10-26,1.0,0.0,595785.5666666667,565405.1833333333,75.13279265327193,0.0,-1.0,0.0,0.0,0.0,0.0
2023-10-26,1.0,0.0,599339.9666666667,567230.6333333333,76.67094247907102,0.0,-1.0,0.0,0.0,0.0,0.0
2023-10-27,1.0,0.0,602777.2666666667,568999.6,75.2185719962909,0.0,-1.0,0.0,0.0,0.0,0.0
2023-10-27,1.0,0.0,606110.0333333333,570661.9,72.31689359687076,0.0,-1.0,0.0,0.0,0.0,0.0
2023-10-27,1.0,0.0,609491.1666666666,572342.0,69.92529950669486,0.0,0.0,1.0,0.0,0.0,0.0
2023-10-28,1.0,0.0,613011.7333333333,574111.1166666667,70.76966280590963,0.0,-1.0,-1.0,-1.0,0.0,0.0
2023-10-28,1.0,0.0,616547.5,575937.9666666667,59.27007577926664,0.0,0.0,1.0,0.0,0.0,0.0
2023-10-28,1.0,0.0,620054.5,577746.3333333334,49.77160585696459,0.0,0.0,0.0,0.0,0.0,0.0
2023-10-29,1.0,0.0,623434.9666666667,579546.8833333333,53.47610027306945,0.0,0.0,0.0,0.0,0.0,0.0
2023-10-29,1.0,0.0,626914.2333333333,581558.65,53.96533677369099,0.0,0.0,0.0,0.0,0.0,0.0
2023-10-29,1.0,0.0,630454.0666666667,583546.4333333333,53.96757783024609,0.0,0.0,0.0,0.0,0.0,0.0
2023-10-30,1.0,0.0,633434.2,585442.6333333333,37.94936818293158,0.0,0.0,0.0,0.0,0.0,0.0
2023-10-30,1.0,0.0,636538.4,587630.95,47.53080149182255,0.0,0.0,0.0,0.0,0.0,0.0
2023-10-30,1.0,0.0,639398.3333333334,589790.15,40.03039700328533,0.0,0.0,0.0,0.0,0.0,0.0
2023-10-31,1.0,0.0,642040.4,591960.1166666667,53.5563908230123,0.0,0.0,0.0,0.0,0.0,0.0
2023-10-31,1.0,0.0,644485.8333333334,594249.2166666667,47.122360805412896,0.0,0.0,0.0,0.0,0.0,0.0
2023-10-31,1.0,0.0,647149.6,596604.8833333333,55.825092707045734,0.0,0.0,0.0,0.0,0.0,0.0
2023-11-01,1.0,0.0,649845.1666666666,598940.9666666667,60.70228494623656,0.0,0.0,0.0,0.0,0.0,0.0
2023-11-01,1.0,0.0,652400.1,601232.3833333333,54.57400247296422,0.0,0.0,0.0,0.0,0.0,0.0
2023-11-01,1.0,0.0,655413.3666666667,603742.8166666667,61.94696085362445,0.0,0.0,0.0,0.0,0.0,0.0
2023-11-02,1.0,0.0,657977.5333333333,606179.7166666667,59.92039560969726,0.0,0.0,0.0,0.0,0.0,0.0
2023-11-02,1.0,0.0,660020.4333333333,608444.15,49.24662965900079,0.0,0.0,0.0,1.0,0.0,0.0
2023-11-02,1.0,0.0,660732.8,610742.7166666667,52.27355011733154,0.0,0.0,0.0,0.0,0.0,0.0
2023-11-03,1.0,0.0,660526.7,612849.4166666666,42.7202079205373,0.0,0.0,0.0,0.0,0.0,0.0
2023-11-03,1.0,0.0,660513.3333333334,614936.1,41.717569106532764,0.0,0.0,0.0,0.0,0.0,0.0
2023-11-03,1.0,0.0,660262.7666666667,617005.85,43.427185773945844,0.0,0.0,0.0,0.0,0.0,0.0
2023-11-04,1.0,0.0,660145.3666666667,619140.5,42.29453231280832,0.0,0.0,0.0,0.0,0.0,0.0
2023-11-04,1.0,0.0,659345.0666666667,621241.7666666667,42.5429866755128,0.0,0.0,0.0,0.0,0.0,0.0
2023-11-04,1.0,0.0,659002.5,623374.5333333333,50.47993663493938,0.0,0.0,0.0,0.0,0.0,0.0
2023-11-05,1.0,0.0,658512.7666666667,625320.7333333333,54.298673349859705,0.0,0.0,0.0,0.0,0.0,0.0
2023-11-05,1.0,0.0,658544.2,627164.8833333333,46.603494954467145,0.0,0.0,0.0,0.0,0.0,0.0
2023-11-05,1.0,0.0,658545.1666666666,628942.5666666667,48.766065449832595,0.0,0.0,0.0,0.0,0.0,0.0
2023-11-06,1.0,0.0,658630.4333333333,630703.85,51.46757095634333,0.0,0.0,0.0,0.0,0.0,0.0
2023-11-06,1.0,0.0,658995.8333333334,632552.9333333333,40.75658752935038,0.0,0.0,0.0,0.0,0.0,0.0
2023-11-06,1.0,0.0,659266.9333333333,634379.05,39.643038402977496,0.0,0.0,0.0,0.0,0.0,0.0
2023-11-07,1.0,0.0,659382.6,636197.1666666666,53.03452712845807,0.0,0.0,0.0,0.0,0.0,0.0
2023-11-07,1.0,0.0,659256.1333333333,637901.8166666667,43.866623917922404,0.0,0.0,0.0,0.0,0.0,0.0
2023-11-07,1.0,0.0,659525.6333333333,639790.0666666667,64.28645007107687,0.0,0.0,0.0,0.0,0.0,0.0
2023-11-08,1.0,0.0,659750.5666666667,641592.7666666667,62.90241296591207,0.0,0.0,0.0,0.0,0.0,0.0
2023-11-08,1.0,0.0,659865.7666666667,643390.0,67.52580418879647,0.0,0.0,0.0,0.0,0.0,0.0
2023-11-08,1.0,0.0,660207.4,645330.7333333333,69.2525191187354,0.0,0.0,0.0,0.0,0.0,0.0
2023-11-09,1.0,0.0,661339.5666666667,647386.8833333333,80.02445806461006,0.0,-1.0,-1.0,-1.0,0.0,0.0
2023-11-09,1.0,0.0,662602.4,649570.4,80.99610808714561,0.0,-1.0,0.0,0.0,0.0,0.0
2023-11-09,1.0,0.0,663758.6,651578.4666666667,73.92693703645259,0.0,-1.0,0.0,0.0,0.0,0.0
2023-11-10,1.0,0.0,664973.9666666667,653507.1833333333,76.53465481328196,0.0,-1.0,0.0,0.0,0.0,0.0
2023-11-10,1.0,0.0,666766.8,655626.3166666667,79.81827549060934,0.0,-1.0,0.0,0.0,0.0,0.0
2023-11-10,1.0,0.0,668492.2,657820.9,81.1652260263152,0.0,-1.0,0.0,0.0,0.0,0.0
2023-11-11,1.0,0.0,670174.6,660009.8833333333,78.28283977875401,0.0,-1.0,0.0,0.0,0.0,0.0
2023-11-11,1.0,0.0,672011.8666666667,662205.9833333333,79.90573030064391,0.0,-1.0,0.0,0.0,0.0,0.0
2023-11-11,1.0,0.0,673267.5666666667,664340.4666666667,78.11598550758083,0.0,-1.0,0.0,0.0,0.0,0.0
2023-11-12,1.0,0.0,674560.4666666667,666269.0,82.46902909824257,0.0,-1.0,0.0,0.0,0.0,0.0
2023-11-12,1.0,0.0,676341.9,668181.1666666666,80.13115289379881,0.0,-1.0,0.0,0.0,0.0,0.0
2023-11-12,1.0,0.0,677914.4,669323.6,79.6155613831139,0.0,-1.0,0.0,0.0,0.0,0.0
2023-11-13,1.0,0.0,679703.1666666666,670114.9333333333,76.30293930663204,0.0,-1.0,0.0,0.0,0.0,0.0
2023-11-13,1.0,0.0,681386.1666666666,670949.75,69.64027541190111,0.0,0.0,1.0,0.0,0.0,0.0
2023-11-13,1.0,0.0,682895.2,671578.9833333333,51.31623699068091,0.0,0.0,0.0,0.0,0.0,0.0
2023-11-14,1.0,0.0,684430.1333333333,672287.75,47.18470961552653,0.0,0.0,0.0,0.0,0.0,0.0
2023-11-14,1.0,0.0,685284.8,672314.9333333333,36.02862455626303,0.0,0.0,0.0,1.0,0.0,0.0
2023-11-14,1.0,0.0,685414.9,672208.7,30.816314235797336,0.0,0.0,0.0,0.0,0.0,0.0
2023-11-15,1.0,0.0,685545.8333333334,672029.3,19.460536097513085,0.0,1.0,1.0,0.0,0.0,0.0
2023-11-15,1.0,0.0,686326.9666666667,672435.5833333334,29.58352750729685,0.0,1.0,0.0,-1.0,0.0,0.0
2023-11-15,1.0,0.0,687945.8666666667,673245.5166666667,48.244500249240524,0.0,0.0,0.0,-1.0,0.0,0.0
2023-11-16,1.0,0.0,689425.6666666666,674028.05,46.091240480744936,0.0,0.0,0.0,0.0,0.0,0.0
2023-11-16,1.0,0.0,690192.9333333333,674594.3833333333,40.081289330383065,0.0,0.0,0.0,1.0,0.0,0.0
2023-11-16,1.0,0.0,690870.0666666667,675068.5,38.26529442776262,0.0,0.0,0.0,0.0,0.0,0.0
2023-11-17,1.0,0.0,691604.4333333333,675493.5166666667,39.256179707704334,0.0,0.0,0.0,0.0,0.0,0.0
2023-11-17,1.0,0.0,692381.8666666667,675819.0,38.96064167132998,0.0,0.0,0.0,0.0,0.0,0.0
2023-11-17,1.0,0.0,693086.2333333333,676305.9333333333,43.33821167231841,0.0,0.0,0.0,0.0,0.0,0.0
2023-11-18,1.0,0.0,693801.4333333333,676776.0,44.10330923753133,0.0,0.0,0.0,0.0,0.0,0.0
2023-11-18,1.0,0.0,694531.2,677198.4833333333,47.78860091174681,0.0,0.0,0.0,0.0,0.0,0.0
2023-11-18,1.0,0.0,694977.4333333333,677592.4166666666,45.174076559354575,0.0,0.0,0.0,0.0,0.0,0.0
2023-11-19,1.0,0.0,694807.1666666666,678073.3666666667,54.98561157911732,0.0,0.0,0.0,0.0,0.0,0.0
2023-11-19,1.0,0.0,694288.8,678445.6,63.98267154397869,0.0,0.0,0.0,0.0,0.0,0.0
2023-11-19,1.0,0.0,694407.1666666666,679082.8833333333,67.79386333316864,0.0,0.0,0.0,0.0,0.0,0.0
2023-11-20,1.0,0.0,694540.6333333333,679757.3,60.90516616280496,0.0,0.0,0.0,0.0,0.0,0.0
2023-11-20,1.0,0.0,694322.7666666667,680544.7833333333,46.83626875407697,0.0,0.0,0.0,0.0,0.0,0.0
2023-11-20,1.0,0.0,693967.6666666666,681229.9333333333,50.153511265615094,0.0,0.0,0.0,0.0,0.0,0.0
2023-11-21,1.0,0.0,693570.6333333333,681872.6166666667,65.72432144757849,0.0,0.0,0.0,0.0,0.0,0.0
2023-11-21,1.0,0.0,693160.6333333333,682586.25,72.27736679464368,0.0,-1.0,-1.0,0.0,0.0,0.0
2023-11-21,1.0,0.0,692300.6,682784.0833333334,50.82272246342443,0.0,0.0,1.0,0.0,0.0,0.0
2023-11-22,1.0,0.0,691733.9333333333,683147.2,61.18864644429642,0.0,0.0,0.0,0.0,0.0,0.0
2023-11-22,1.0,0.0,691165.6333333333,683753.7666666667,55.67266654295787,0.0,0.0,0.0,0.0,0.0,0.0
2023-11-22,1.0,0.0,691082.5666666667,684498.4833333333,65.25504406842121,0.0,0.0,0.0,0.0,0.0,0.0
2023-11-23,1.0,0.0,691083.3666666667,685393.2666666667,63.666142136870164,0.0,0.0,0.0,0.0,0.0,0.0
2023-11-23,1.0,0.0,691010.4333333333,686198.3,58.79823234570098,0.0,0.0,0.0,0.0,0.0,0.0
2023-11-23,1.0,0.0,691387.1333333333,687141.1666666666,62.21847229971558,0.0,0.0,0.0,0.0,0.0,0.0
2023-11-24,1.0,0.0,691738.0666666667,688084.1,64.69739714311245,0.0,0.0,0.0,0.0,0.0,0.0
2023-11-24,1.0,0.0,693167.5,689226.15,63.031040290885755,0.0,0.0,0.0,0.0,0.0,0.0
2023-11-24,1.0,0.0,694853.5,690134.2,59.25800248840629,0.0,0.0,0.0,0.0,0.0,0.0
2023-11-25,1.0,0.0,696700.0333333333,691122.9333333333,61.04682599762085,0.0,0.0,0.0,0.0,0.0,0.0
2023-11-25,1.0,0.0,697982.8666666667,692154.9166666666,59.235379162391574,0.0,0.0,0.0,0.0,0.0,0.0
2023-11-25,1.0,0.0,698349.9333333333,693147.9,61.641591846639166,0.0,0.0,0.0,0.0,0.0,0.0
2023-11-26,1.0,0.0,698921.5666666667,694173.6166666667,62.42185912530031,0.0,0.0,0.0,0.0,0.0,0.0
2023-11-26,1.0,0.0,699893.2666666667,695043.1,69.83872261895209,0.0,0.0,0.0,0.0,0.0,0.0
2023-11-26,1.0,0.0,701057.3666666667,695963.7166666667,65.98908224507645,0.0,0.0,0.0,0.0,0.0,0.0
2023-11-27,1.0,0.0,701915.4,696759.9166666666,59.914587171328094,0.0,0.0,0.0,0.0,0.0,0.0
2023-11-27,1.0,0.0,702464.3,697423.0833333334,42.56503496503496,0.0,0.0,0.0,0.0,0.0,0.0
2023-11-27,1.0,0.0,702984.1666666666,698035.2,48.04468566946269,0.0,0.0,0.0,0.0,0.0,0.0
2023-11-28,1.0,0.0,703527.6333333333,698664.5333333333,51.53275162502884,0.0,0.0,0.0,0.0,0.0,0.0
2023-11-28,1.0,0.0,704161.4666666667,699346.3333333334,51.2456147535389,0.0,0.0,0.0,0.0,0.0,0.0
2023-11-28,1.0,0.0,704928.9666666667,699953.2,50.08873796447686,0.0,0.0,0.0,0.0,0.0,0.0
2023-11-29,1.0,0.0,705806.1333333333,700306.65,45.357465232623966,0.0,0.0,0.0,0.0,0.0,0.0
2023-11-29,1.0,0.0,706578.4333333333,700433.6166666667,48.28501628664496,0.0,0.0,0.0,0.0,0.0,0.0
2023-11-29,1.0,0.0,706971.1666666666,700689.1666666666,43.20186029872105,0.0,0.0,0.0,0.0,0.0,0.0
2023-11-30,1.0,0.0,707513.8666666667,701027.25,47.5902410667248,0.0,0.0,0.0,0.0,0.0,0.0
2023-11-30,1.0,0.0,708045.1666666666,701183.9666666667,50.6533688249732,0.0,0.0,0.0,0.0,0.0,0.0
2023-11-30,1.0,0.0,708558.8666666667,701263.2666666667,48.648837249873516,0.0,0.0,0.0,0.0,0.0,0.0
2023-12-01,1.0,0.0,709507.5333333333,701539.0833333334,61.63994048603075,0.0,0.0,0.0,-1.0,0.0,0.0
2023-12-01,1.0,0.0,710436.6,701798.6166666667,59.997997229500804,0.0,0.0,0.0,0.0,0.0,0.0
2023-12-01,1.0,0.0,711991.0333333333,702145.8166666667,68.98630518869568,0.0,0.0,0.0,0.0,0.0,0.0
2023-12-02,1.0,0.0,713306.8666666667,702520.4,88.56016606210555,0.0,-1.0,-1.0,0.0,0.0,0.0
2023-12-02,1.0,0.0,714605.5333333333,702885.5833333334,86.49170586778905,0.0,-1.0,0.0,0.0,0.0,0.0
2023-12-02,1.0,0.0,715868.9,703475.7333333333,90.43588493417845,0.0,-1.0,0.0,0.0,0.0,0.0
2023-12-03,1.0,0.0,717171.8333333334,704127.6,89.54437882438224,0.0,-1.0,0.0,0.0,0.0,0.0
2023-12-03,1.0,0.0,718797.7666666667,704904.1,89.65989837012673,0.0,-1.0,0.0,0.0,0.0,0.0
2023-12-03,1.0,0.0,720315.3,705851.2166666667,89.56062670299728,0.0,-1.0,0.0,0.0,0.0,0.0
2023-12-04,1.0,0.0,722679.7666666667,707208.9166666666,97.77303892458025,0.0,-1.0,0.0,-1.0,0.0,0.0
2023-12-04,1.0,0.0,724865.9,709016.7,97.84589675970652,0.0,-1.0,0.0,0.0,0.0,0.0
2023-12-04,1.0,0.0,727647.8666666667,711250.6833333333,98.06363028247527,0.0,-1.0,0.0,0.0,0.0,0.0
2023-12-05,1.0,0.0,730072.4666666667,713386.25,93.85557629491367,0.0,-1.0,0.0,0.0,0.0,0.0
2023-12-05,1.0,0.0,733228.3333333334,715605.6,95.78218717808008,0.0,-1.0,0.0,-1.0,0.0,0.0
2023-12-05,1.0,0.0,737410.2,717880.0666666667,96.49374139642092,0.0,-1.0,0.0,0.0,0.0,0.0
2023-12-06,1.0,0.0,741312.3666666667,720116.9666666667,91.92640824666809,0.0,-1.0,0.0,0.0,0.0,0.0
2023-12-06,1.0,0.0,745388.9,722641.0833333334,90.98209491794476,0.0,-1.0,0.0,0.0,0.0,0.0
2023-12-06,1.0,0.0,749593.9333333333,725325.65,91.15748512131847,0.0,-1.0,0.0,0.0,0.0,0.0
2023-12-07,1.0,0.0,754114.2,728014.8,91.35368637808317,0.0,-1.0,0.0,0.0,0.0,0.0
2023-12-07,1.0,0.0,758677.2333333333,730570.7666666667,83.05376408445434,0.0,-1.0,0.0,0.0,0.0,0.0
2023-12-07,1.0,0.0,762809.9333333333,732897.05,79.7059977049228,0.0,-1.0,0.0,0.0,0.0,0.0
2023-12-08,1.0,0.0,766885.8333333334,735206.7333333333,77.82070302745421,0.0,-1.0,0.0,0.0,0.0,0.0
2023-12-08,1.0,0.0,771235.7333333333,737698.6,79.4839393445296,0.0,-1.0,0.0,0.0,0.0,0.0
2023-12-08,1.0,0.0,775797.8,740363.3833333333,76.11881282077643,0.0,-1.0,0.0,0.0,0.0,0.0
2023-12-09,1.0,0.0,780406.3666666667,743106.25,76.22204724409448,0.0,-1.0,0.0,0.0,0.0,0.0
2023-12-09,1.0,0.0,784986.2,745782.3166666667,71.51372262531339,0.0,-1.0,0.0,0.0,0.0,0.0
2023-12-09,1.0,0.0,789277.6333333333,748124.4,69.5360175648187,0.0,0.0,1.0,0.0,0.0,0.0
2023-12-10,1.0,0.0,793624.3,750569.0833333334,65.23293198588682,0.0,0.0,0.0,0.0,0.0,0.0
2023-12-10,1.0,0.0,797809.7,752927.4333333333,50.54008671461868,0.0,0.0,0.0,0.0,0.0,0.0
2023-12-10,1.0,0.0,801987.9333333333,755273.4,54.553570220881625,0.0,0.0,0.0,0.0,0.0,0.0
2023-12-11,1.0,0.0,804854.0,757180.7666666667,39.196858964391225,0.0,0.0,0.0,0.0,0.0,0.0
2023-12-11,1.0,0.0,807780.9333333333,759108.7666666667,36.65431423769313,0.0,0.0,0.0,0.0,0.0,0.0
2023-12-11,1.0,0.0,810089.7333333333,761040.3833333333,29.818982387475543,0.0,1.0,1.0,0.0,0.0,0.0
2023-12-12,1.0,0.0,812708.9,763007.8833333333,40.3230010155569,0.0,0.0,0.0,0.0,0.0,0.0
2023-12-12,1.0,0.0,814998.2,764801.8666666667,38.8263902109763,0.0,0.0,0.0,0.0,0.0,0.0
2023-12-12,1.0,0.0,816792.4666666667,766330.6833333333,38.44117344665684,0.0,0.0,0.0,0.0,0.0,0.0
2023-12-13,1.0,0.0,818420.9333333333,767796.3833333333,29.099183635169382,0.0,1.0,1.0,0.0,0.0,0.0
2023-12-13,1.0,0.0,820468.2,769632.9833333333,33.306559098973466,0.0,0.0,0.0,0.0,0.0,0.0
2023-12-13,1.0,0.0,822576.0,771445.65,33.288893990093854,0.0,0.0,0.0,0.0,0.0,0.0
2023-12-14,1.0,0.0,823731.0,773205.3833333333,35.59806369610486,0.0,0.0,0.0,0.0,0.0,0.0
2023-12-14,1.0,0.0,824084.9,774475.4,31.89616179891445,0.0,0.0,0.0,0.0,0.0,0.0
2023-12-14,1.0,0.0,824512.3,776080.0833333334,36.58822733118246,0.0,0.0,0.0,0.0,0.0,0.0
2023-12-15,1.0,0.0,824801.2,777436.8333333334,34.99794980253361,0.0,0.0,0.0,0.0,0.0,0.0
2023-12-15,1.0,0.0,824242.6333333333,778735.4833333333,33.715410363204185,0.0,0.0,0.0,0.0,0.0,0.0
2023-12-15,1.0,0.0,822770.3666666667,780090.2833333333,44.05291221614624,0.0,0.0,0.0,0.0,0.0,0.0
2023-12-16,1.0,0.0,821642.9666666667,781477.6666666666,45.13340127303407,0.0,0.0,0.0,0.0,0.0,0.0
2023-12-16,1.0,0.0,820720.1,783054.5,53.812152686196576,0.0,0.0,0.0,0.0,0.0,0.0
2023-12-16,1.0,0.0,819517.0333333333,784555.4833333333,46.648091610595685,0.0,0.0,0.0,0.0,0.0,0.0
2023-12-17,1.0,0.0,818028.5666666667,786071.3833333333,48.72191779408274,0.0,0.0,0.0,1.0,0.0,0.0
2023-12-17,1.0,0.0,816775.6333333333,787726.4333333333,48.431537483074145,0.0,0.0,0.0,0.0,0.0,0.0
2023-12-17,1.0,0.0,815520.2333333333,789165.0833333334,47.62255396409118,0.0,0.0,0.0,0.0,0.0,0.0
2023-12-18,1.0,0.0,813893.8666666667,790389.85,32.08904786166596,0.0,0.0,0.0,0.0,0.0,0.0
2023-12-18,1.0,0.0,812288.9,791762.3166666667,38.40640531135359,0.0,0.0,0.0,0.0,0.0,0.0
2023-12-18,1.0,0.0,811039.2333333333,793418.5166666667,47.55699017978304,0.0,0.0,0.0,0.0,0.0,0.0
2023-12-19,1.0,0.0,809979.5,795192.9333333333,60.52112051346721,0.0,0.0,0.0,0.0,0.0,0.0
2023-12-19,1.0,0.0,808573.7333333333,796779.9666666667,48.642993731617175,0.0,0.0,0.0,0.0,0.0,0.0
2023-12-19,1.0,0.0,807210.9,798244.2666666667,49.49912739965096,0.0,0.0,0.0,0.0,0.0,0.0
2023-12-20,1.0,0.0,806180.2666666667,799902.2833333333,57.757283863503964,0.0,0.0,0.0,0.0,0.0,0.0
2023-12-20,1.0,0.0,805775.7333333333,801792.7166666667,62.10548784078196,0.0,0.0,0.0,0.0,0.0,0.0
2023-12-20,1.0,0.0,805247.3,803617.6166666667,58.99510589332012,0.0,0.0,0.0,0.0,0.0,0.0
2023-12-21,1.0,0.0,805860.7,805357.35,58.74089490114464,0.0,0.0,0.0,0.0,0.0,0.0
2023-12-21,0.0,-1.0,806464.7,807122.8166666667,60.3896200793864,-1.0,0.0,0.0,0.0,-1.0,0.603896200793864
2023-12-21,0.0,0.0,807565.3,808827.5166666667,62.862313212588155,0.0,0.0,0.0,0.0,0.0,0.0
2023-12-22,0.0,0.0,808397.5666666667,810553.2333333333,65.94100959856992,0.0,0.0,0.0,0.0,0.0,0.0
2023-12-22,0.0,0.0,809516.4333333333,812257.3166666667,68.26652290758115,0.0,0.0,0.0,0.0,0.0,0.0
2023-12-22,0.0,0.0,810797.9666666667,813795.2166666667,76.81265185158816,0.0,-1.0,-1.0,0.0,0.0,0.0
2023-12-23,0.0,0.0,812198.1,815309.5166666667,73.26382158197048,0.0,-1.0,0.0,0.0,0.0,0.0
2023-12-23,0.0,0.0,813106.1333333333,816787.1666666666,66.96084117098263,0.0,0.0,1.0,0.0,0.0,0.0
2023-12-23,0.0,0.0,813845.4,818210.7,61.61274050587303,0.0,0.0,0.0,0.0,0.0,0.0
2023-12-24,0.0,0.0,814591.4333333333,819161.2166666667,78.65921198375442,0.0,-1.0,-1.0,0.0,0.0,0.0
2023-12-24,0.0,0.0,816014.3666666667,820049.6333333333,87.6084719768593,0.0,-1.0,0.0,0.0,0.0,0.0
2023-12-24,0.0,0.0,816652.5666666667,820582.4333333333,64.83656897901983,0.0,0.0,1.0,0.0,0.0,0.0
2023-12-25,0.0,0.0,817653.3,821227.25,50.649350649350644,0.0,0.0,0.0,0.0,0.0,0.0
2023-12-25,0.0,0.0,819007.1666666666,821624.9,63.945818610129564,0.0,0.0,0.0,0.0,0.0,0.0
2023-12-25,0.0,0.0,820256.2666666667,821513.3166666667,58.58463607328962,0.0,0.0,0.0,0.0,0.0,0.0
2023-12-26,0.0,0.0,821178.1333333333,821410.55,47.01197469498418,0.0,0.0,0.0,0.0,0.0,0.0
2023-12-26,1.0,1.0,821634.4333333333,821177.2666666667,37.62828337628283,1.0,0.0,0.0,1.0,1.0,0.3762828337628283
2023-12-26,1.0,0.0,822193.0333333333,820855.0333333333,31.478050347093557,0.0,0.0,0.0,0.0,0.0,0.0
2023-12-27,1.0,0.0,822647.6,820338.0833333334,26.60680726665275,0.0,1.0,1.0,0.0,0.0,0.0
2023-12-27,1.0,0.0,823456.2666666667,820115.95,33.748020809771546,0.0,0.0,0.0,0.0,0.0,0.0
2023-12-27,1.0,0.0,824674.1333333333,820097.1833333333,41.488045477344926,0.0,0.0,0.0,0.0,0.0,0.0
2023-12-28,1.0,0.0,826055.9333333333,819974.9,34.82635556621881,0.0,0.0,0.0,0.0,0.0,0.0
2023-12-28,1.0,0.0,826853.7666666667,819571.3333333334,33.52338337182448,0.0,0.0,0.0,0.0,0.0,0.0
2023-12-28,1.0,0.0,827056.7333333333,819047.9833333333,33.955229231497285,0.0,0.0,0.0,0.0,0.0,0.0
2023-12-29,1.0,0.0,826676.8666666667,818328.1833333333,30.45627525599278,0.0,0.0,0.0,0.0,0.0,0.0
2023-12-29,1.0,0.0,826691.2666666667,817632.5,34.01989570095097,0.0,0.0,0.0,0.0,0.0,0.0
2023-12-29,1.0,0.0,826713.8666666667,816962.3833333333,28.48494256442099,0.0,1.0,1.0,0.0,0.0,0.0
2023-12-30,1.0,0.0,826420.2333333333,816300.25,28.460713176543663,0.0,1.0,0.0,0.0,0.0,0.0
2023-12-30,1.0,0.0,825822.4666666667,815799.1,35.696131754180854,0.0,0.0,0.0,0.0,0.0,0.0
2023-12-30,1.0,0.0,825321.1,815284.2,37.86990225817324,0.0,0.0,0.0,0.0,0.0,0.0
2023-12-31,1.0,0.0,824808.5666666667,815334.6333333333,46.24164850863649,0.0,0.0,0.0,0.0,0.0,0.0
2023-12-31,1.0,0.0,824253.4,815359.05,46.00663288013438,0.0,0.0,0.0,0.0,0.0,0.0
2023-12-31,1.0,0.0,823655.4333333333,815610.3666666667,51.23592990534664,0.0,0.0,0.0,0.0,0.0,0.0
