timestamp,positions,rsi,risk_score
2019-01-01,0.0,0.0,0.0
2019-01-02,0.0,0.0,0.0
2019-01-03,0.0,0.0,0.0
2019-01-04,0.0,0.0,0.0
2019-01-05,0.0,0.0,0.0
2019-01-06,0.0,0.0,0.0
2019-01-07,0.0,0.0,0.0
2019-01-08,0.0,0.0,0.0
2019-01-09,0.0,0.0,0.0
2019-01-10,0.0,0.0,0.0
2019-01-11,0.0,0.0,0.0
2019-01-12,0.0,0.0,0.0
2019-01-13,0.0,0.0,0.0
2019-01-14,0.0,40.506101938262745,0.0
2019-01-15,0.0,38.39305965071445,0.0
2019-01-16,0.0,30.916054110815978,0.0
2019-01-17,0.0,37.697391304347825,0.0
2019-01-18,0.0,38.3407282202972,0.0
2019-01-19,0.0,43.00130208333333,0.0
2019-01-20,0.0,25.399099467867387,0.0
2019-01-21,0.0,26.15384615384616,0.0
2019-01-22,0.0,27.71516393442623,0.0
2019-01-23,0.0,24.728645587541294,0.0
2019-01-24,0.0,35.70872274143302,0.0
2019-01-25,0.0,32.52757352941177,0.0
2019-01-26,0.0,36.36994019242437,0.0
2019-01-27,0.0,39.55505279034691,0.0
2019-01-28,1.0,25.99107602539901,0.2599107602539901
2019-01-29,0.0,26.454148471615724,0.0
2019-01-30,0.0,27.037400696242074,0.0
2019-01-31,0.0,22.483019516808525,0.0
2019-02-01,0.0,25.481444747499793,0.0
2019-02-02,0.0,14.329152413530977,0.0
2019-02-03,0.0,17.21854304635761,0.0
2019-02-04,0.0,17.041473612837606,0.0
2019-02-05,0.0,16.41468682505399,0.0
2019-02-06,0.0,17.827160493827165,0.0
2019-02-07,0.0,22.25458075476277,0.0
2019-02-08,0.0,47.89560742510568,0.0
2019-02-09,0.0,47.953001652285664,0.0
2019-02-10,0.0,51.98254600645039,0.0
2019-02-11,0.0,61.75343700698671,0.0
2019-02-12,0.0,66.81297244574495,0.0
2019-02-13,0.0,68.2444577591372,0.0
2019-02-14,0.0,77.03252032520325,0.0
2019-02-15,0.0,76.46752570610438,0.0
2019-02-16,0.0,77.30923694779116,0.0
2019-02-17,0.0,80.76570079979021,0.0
2019-02-18,0.0,88.51774530271399,0.0
2019-02-19,0.0,89.2390930951563,0.0
2019-02-20,0.0,94.23997215696511,0.0
2019-02-21,0.0,91.9425854174005,0.0
2019-02-22,0.0,89.0537145591578,0.0
2019-02-23,0.0,90.87645827101406,0.0
2019-02-24,1.0,59.15587017496994,0.5915587017496994
2019-02-25,0.0,62.22282498135214,0.0
2019-02-26,0.0,62.366614558553664,0.0
2019-02-27,0.0,60.79375848032564,0.0
2019-02-28,0.0,61.27713749664969,0.0
2019-03-01,-1.0,62.836012861736336,0.6283601286173633
2019-03-02,0.0,62.58093758093759,0.0
2019-03-03,0.0,62.8950448692938,0.0
2019-03-04,0.0,46.24980982808459,0.0
2019-03-05,0.0,49.80107985223075,0.0
2019-03-06,0.0,51.093576965669996,0.0
2019-03-07,0.0,55.20415543428232,0.0
2019-03-08,0.0,53.871488103239685,0.0
2019-03-09,0.0,48.305212413377525,0.0
2019-03-10,0.0,80.0,0.0
2019-03-11,1.0,68.29952524816574,0.6829952524816574
2019-03-12,0.0,67.82385085181613,0.0
2019-03-13,0.0,69.35466199189219,0.0
2019-03-14,0.0,69.66706430972779,0.0
2019-03-15,0.0,67.47296197232237,0.0
2019-03-16,0.0,72.16361464968153,0.0
2019-03-17,0.0,69.16833763009645,0.0
2019-03-18,0.0,79.97213887698243,0.0
2019-03-19,0.0,76.60826032540676,0.0
2019-03-20,0.0,73.91062230265905,0.0
2019-03-21,0.0,62.3276737773908,0.0
2019-03-22,0.0,67.24980704913816,0.0
2019-03-23,0.0,64.79535398230088,0.0
2019-03-24,0.0,61.30853994490358,0.0
2019-03-25,0.0,58.87566137566137,0.0
2019-03-26,0.0,59.15736310473153,0.0
2019-03-27,0.0,67.80451606063818,0.0
2019-03-28,0.0,66.32290973608339,0.0
2019-03-29,0.0,68.32829283554072,0.0
2019-03-30,0.0,62.32944678739767,0.0
2019-03-31,0.0,64.78855079938113,0.0
2019-04-01,0.0,53.51297182941766,0.0
2019-04-02,0.0,78.61496696204478,0.0
2019-04-03,0.0,81.14828209764919,0.0
2019-04-04,0.0,79.22146703151205,0.0
2019-04-05,0.0,80.15177065767286,0.0
2019-04-06,0.0,80.67878688390036,0.0
2019-04-07,0.0,83.08020250466294,0.0
2019-04-08,0.0,88.78639828024234,0.0
2019-04-09,0.0,83.51163560163229,0.0
2019-04-10,0.0,82.62503389764848,0.0
2019-04-11,0.0,73.11291328758578,0.0
2019-04-12,0.0,72.37474628778976,0.0
2019-04-13,0.0,73.54295263104048,0.0
2019-04-14,0.0,74.60232945091514,0.0
2019-04-15,0.0,75.1878186208747,0.0
2019-04-16,0.0,63.72996028827769,0.0
2019-04-17,0.0,58.42324117779276,0.0
2019-04-18,0.0,65.96440649775462,0.0
2019-04-19,0.0,62.52594310828959,0.0
2019-04-20,0.0,62.39279588336192,0.0
2019-04-21,0.0,53.956931359353966,0.0
2019-04-22,0.0,57.1946946946947,0.0
2019-04-23,-1.0,70.74945017763491,0.7074945017763491
2019-04-24,0.0,62.93768701769122,0.0
2019-04-25,0.0,58.46296386599698,0.0
2019-04-26,0.0,58.24305112995735,0.0
2019-04-27,0.0,58.24305112995735,0.0
2019-04-28,0.0,53.871330174393044,0.0
2019-04-29,0.0,54.05882352941177,0.0
2019-04-30,0.0,53.871142393069846,0.0
2019-05-01,0.0,56.58961411960902,0.0
2019-05-02,0.0,56.70193596081874,0.0
2019-05-03,0.0,62.00843266034217,0.0
2019-05-04,0.0,62.581855933556945,0.0
2019-05-05,0.0,64.1967723437372,0.0
2019-05-06,0.0,59.41537256948976,0.0
2019-05-07,0.0,58.042901470522104,0.0
2019-05-08,0.0,64.78061682331271,0.0
2019-05-09,-1.0,85.89099943067129,0.8589099943067129
2019-05-10,0.0,87.85746102449889,0.0
2019-05-11,0.0,92.0790353043731,0.0
2019-05-12,0.0,87.11992082256558,0.0
2019-05-13,0.0,92.51519756838906,0.0
2019-05-14,0.0,92.69076967473306,0.0
2019-05-15,0.0,92.94286226043346,0.0
2019-05-16,0.0,84.39866140701827,0.0
2019-05-17,0.0,73.39528510698099,0.0
2019-05-18,0.0,73.00452746782646,0.0
2019-05-19,0.0,77.82681613558125,0.0
2019-05-20,0.0,74.45008936487609,0.0
2019-05-21,0.0,73.66474223215063,0.0
2019-05-22,0.0,70.02886690395448,0.0
2019-05-23,0.0,69.75122689408403,0.0
2019-05-24,0.0,69.34850525953739,0.0
2019-05-25,0.0,62.401336028830094,0.0
2019-05-26,0.0,70.20481772510627,0.0
2019-05-27,0.0,65.35869402426239,0.0
2019-05-28,0.0,62.144181689575404,0.0
2019-05-29,0.0,59.338294448913906,0.0
2019-05-30,0.0,59.838958299529445,0.0
2019-05-31,0.0,71.79765287750277,0.0
2019-06-01,0.0,71.06304808975004,0.0
2019-06-02,0.0,63.96121581871664,0.0
2019-06-03,0.0,57.216645551115874,0.0
2019-06-04,0.0,47.66463832526843,0.0
2019-06-05,0.0,54.57421729600066,0.0
2019-06-06,0.0,53.39457716298214,0.0
2019-06-07,0.0,54.172403721784114,0.0
2019-06-08,0.0,52.63646299465901,0.0
2019-06-09,0.0,40.18637695199871,0.0
2019-06-10,0.0,38.27568970031659,0.0
2019-06-11,0.0,37.51749883341111,0.0
2019-06-12,0.0,43.12249212581438,0.0
2019-06-13,0.0,49.65992626010488,0.0
2019-06-14,0.0,52.43226867480309,0.0
2019-06-15,0.0,55.80232865299819,0.0
2019-06-16,0.0,55.12204180163823,0.0
2019-06-17,0.0,69.30717378688452,0.0
2019-06-18,0.0,74.53253642495379,0.0
2019-06-19,0.0,73.6200895077076,0.0
2019-06-20,0.0,74.86913474975722,0.0
2019-06-21,0.0,78.29999590951854,0.0
2019-06-22,0.0,82.75453615463307,0.0
2019-06-23,0.0,88.23966591166477,0.0
2019-06-24,0.0,88.52099417931845,0.0
2019-06-25,0.0,93.13098309846252,0.0
2019-06-26,0.0,94.0480757782217,0.0
2019-06-27,0.0,67.9753543546191,0.0
2019-06-28,0.0,72.47137083192995,0.0
2019-06-29,0.0,69.23224792725327,0.0
2019-06-30,0.0,60.4287491195732,0.0
2019-07-01,0.0,56.72320751631558,0.0
2019-07-02,0.0,59.437502359469974,0.0
2019-07-03,0.0,63.09270276583174,0.0
2019-07-04,0.0,59.56060311479696,0.0
2019-07-05,0.0,54.26162651221769,0.0
2019-07-06,0.0,53.40604401742823,0.0
2019-07-07,0.0,53.059602276324405,0.0
2019-07-08,0.0,55.390806749204486,0.0
2019-07-09,0.0,53.48853418833206,0.0
2019-07-10,0.0,46.10314217689074,0.0
2019-07-11,0.0,53.672620880813064,0.0
2019-07-12,0.0,44.39458660204543,0.0
2019-07-13,0.0,42.819649400812125,0.0
2019-07-14,0.0,44.028391616937206,0.0
2019-07-15,0.0,52.132921174652246,0.0
2019-07-16,0.0,41.61124741735537,0.0
2019-07-17,0.0,34.574097687584214,0.0
2019-07-18,0.0,44.31694035349216,0.0
2019-07-19,0.0,45.59585943694616,0.0
2019-07-20,0.0,45.223578127330306,0.0
2019-07-21,0.0,43.19683075861947,0.0
2019-07-22,0.0,35.21715309827373,0.0
2019-07-23,0.0,31.784691522784783,0.0
2019-07-24,0.0,32.698046469057175,0.0
2019-07-25,0.0,37.08024722889105,0.0
2019-07-26,0.0,34.4983737541702,0.0
2019-07-27,0.0,35.86635062845214,0.0
2019-07-28,0.0,43.11765802722357,0.0
2019-07-29,0.0,33.54151204962682,0.0
2019-07-30,0.0,49.98682049514386,0.0
2019-07-31,0.0,52.86631506535198,0.0
2019-08-01,0.0,46.65426705307323,0.0
2019-08-02,0.0,54.241279809895616,0.0
2019-08-03,0.0,54.080524623671934,0.0
2019-08-04,0.0,58.95945356779538,0.0
2019-08-05,-1.0,74.12656020057776,0.7412656020057775
2019-08-06,0.0,73.11827956989248,0.0
2019-08-07,0.0,81.52452267496516,0.0
2019-08-08,0.0,82.24012214882214,0.0
2019-08-09,0.0,82.44178237306136,0.0
2019-08-10,0.0,79.89253821704253,0.0
2019-08-11,0.0,80.25093282195365,0.0
2019-08-12,0.0,77.79234815188414,0.0
2019-08-13,0.0,69.33867735470942,0.0
2019-08-14,0.0,57.91523318042813,0.0
2019-08-15,0.0,56.41523672848289,0.0
2019-08-16,0.0,53.4079531743383,0.0
2019-08-17,0.0,49.311203975902025,0.0
2019-08-18,0.0,49.20808950768133,0.0
2019-08-19,0.0,45.45802717807597,0.0
2019-08-20,0.0,47.76433064059379,0.0
2019-08-21,0.0,32.872158966658404,0.0
2019-08-22,0.0,29.221428022442552,0.0
2019-08-23,0.0,33.72128861818449,0.0
2019-08-24,0.0,35.318893825034976,0.0
2019-08-25,0.0,32.04532758758279,0.0
2019-08-26,0.0,37.15740650643832,0.0
2019-08-27,0.0,40.89602855867916,0.0
2019-08-28,0.0,45.49642573471009,0.0
2019-08-29,0.0,36.71544446967039,0.0
2019-08-30,0.0,39.05809188443401,0.0
2019-08-31,0.0,41.894295515182314,0.0
2019-09-01,0.0,42.59445211497427,0.0
2019-09-02,0.0,43.17103982438337,0.0
2019-09-03,0.0,47.711832327216946,0.0
2019-09-04,0.0,55.14795624640184,0.0
2019-09-05,0.0,55.33003073253521,0.0
2019-09-06,0.0,47.11918285300236,0.0
2019-09-07,0.0,53.697931425332946,0.0
2019-09-08,0.0,52.67912989088887,0.0
2019-09-09,0.0,46.735379052896015,0.0
2019-09-10,0.0,45.20905725511571,0.0
2019-09-11,0.0,52.83922344246084,0.0
2019-09-12,0.0,59.938731088598075,0.0
2019-09-13,0.0,57.19584168065407,0.0
2019-09-14,0.0,56.59061581967438,0.0
2019-09-15,0.0,50.85793740015383,0.0
2019-09-16,0.0,37.59954921111945,0.0
2019-09-17,0.0,29.367745227263057,0.0
2019-09-18,0.0,34.76794523306151,0.0
2019-09-19,0.0,33.825256600112354,0.0
2019-09-20,0.0,38.56319497001805,0.0
2019-09-21,0.0,25.08531364397841,0.0
2019-09-22,0.0,27.31941347388336,0.0
2019-09-23,0.0,25.20887891258262,0.0
2019-09-24,0.0,15.755426522738787,0.0
2019-09-25,0.0,11.877219850760866,0.0
2019-09-26,0.0,4.692450406736128,0.0
2019-09-27,0.0,11.285874225171355,0.0
2019-09-28,0.0,10.508121158911322,0.0
2019-09-29,0.0,10.1344199830652,0.0
2019-09-30,0.0,16.076900266877544,0.0
2019-10-01,0.0,20.32423048048048,0.0
2019-10-02,0.0,21.16374628064044,0.0
2019-10-03,0.0,18.481848184818475,0.0
2019-10-04,0.0,18.344893025777736,0.0
2019-10-05,0.0,18.694170733953413,0.0
2019-10-06,0.0,17.376045879608824,0.0
2019-10-07,0.0,25.798816568047343,0.0
2019-10-08,0.0,36.65588235294117,0.0
2019-10-09,0.0,54.72912217601439,0.0
2019-10-10,0.0,63.014008864731956,0.0
2019-10-11,0.0,51.77689728741238,0.0
2019-10-12,0.0,53.0811780535207,0.0
2019-10-13,0.0,55.53713320402928,0.0
2019-10-14,0.0,50.799639988922735,0.0
2019-10-15,0.0,44.459440261400765,0.0
2019-10-16,0.0,38.217815588640065,0.0
2019-10-17,0.0,41.27343354163148,0.0
2019-10-18,0.0,41.79293361151965,0.0
2019-10-19,0.0,43.50970688998858,0.0
2019-10-20,0.0,55.39272752174211,0.0
2019-10-21,0.0,46.204998853473974,0.0
2019-10-22,0.0,39.918375607123586,0.0
2019-10-23,0.0,15.802412481971942,0.0
2019-10-24,0.0,15.839794979629374,0.0
2019-10-25,-1.0,51.25732001377885,0.5125732001377885
2019-10-26,0.0,59.62526155602054,0.0
2019-10-27,0.0,63.71465885425859,0.0
2019-10-28,0.0,59.010079488650334,0.0
2019-10-29,0.0,62.11914360514608,0.0
2019-10-30,0.0,64.03629319337053,0.0
2019-10-31,0.0,64.26886208773985,0.0
2019-11-01,0.0,65.4624563254005,0.0
2019-11-02,0.0,66.0670045500915,0.0
2019-11-03,0.0,61.9179997669502,0.0
2019-11-04,0.0,63.943443286367916,0.0
2019-11-05,0.0,66.93756159977868,0.0
2019-11-06,0.0,77.36829482772404,0.0
2019-11-07,0.0,77.18780531573385,0.0
2019-11-08,0.0,55.67716535433071,0.0
2019-11-09,0.0,41.82914226662074,0.0
2019-11-10,0.0,38.44275143075858,0.0
2019-11-11,0.0,38.93668081964187,0.0
2019-11-12,0.0,31.904549690070084,0.0
2019-11-13,0.0,34.89144882587506,0.0
2019-11-14,0.0,31.412032251395487,0.0
2019-11-15,0.0,26.01889235925954,0.0
2019-11-16,0.0,24.220670282080306,0.0
2019-11-17,0.0,27.153916590360453,0.0
2019-11-18,0.0,18.541281007034428,0.0
2019-11-19,0.0,17.409441702009318,0.0
2019-11-20,0.0,17.970833766323736,0.0
2019-11-21,0.0,14.951439522752821,0.0
2019-11-22,0.0,15.433127082341741,0.0
2019-11-23,0.0,14.27279032598534,0.0
2019-11-24,0.0,4.38088341781318,0.0
2019-11-25,0.0,13.273853921624877,0.0
2019-11-26,0.0,13.591925018024497,0.0
2019-11-27,0.0,24.587842621624347,0.0
2019-11-28,0.0,25.48685555526434,0.0
2019-11-29,-1.0,33.673680937078885,0.33673680937078887
2019-11-30,0.0,30.724608439052687,0.0
2019-12-01,0.0,28.433134449955674,0.0
2019-12-02,0.0,30.408487519860586,0.0
2019-12-03,0.0,34.387788068059436,0.0
2019-12-04,0.0,32.16931487252849,0.0
2019-12-05,0.0,44.14409120291474,0.0
2019-12-06,0.0,53.692696806828955,0.0
2019-12-07,0.0,53.99811557788944,0.0
2019-12-08,0.0,65.65471417115363,0.0
2019-12-09,0.0,55.206747100855104,0.0
2019-12-10,0.0,53.03819444444445,0.0
2019-12-11,0.0,39.68226103747916,0.0
2019-12-12,0.0,38.35744283714419,0.0
2019-12-13,0.0,34.009990917347864,0.0
2019-12-14,0.0,34.29814517975727,0.0
2019-12-15,0.0,39.948725682400834,0.0
2019-12-16,0.0,35.11399787910922,0.0
2019-12-17,0.0,27.388733271086224,0.0
2019-12-18,0.0,48.464761428303426,0.0
2019-12-19,0.0,42.26850803712927,0.0
2019-12-20,0.0,40.644431882419454,0.0
2019-12-21,0.0,39.33701657458563,0.0
2019-12-22,0.0,46.958225705887585,0.0
2019-12-23,0.0,48.38324818746368,0.0
2019-12-24,0.0,46.759697256386,0.0
2019-12-25,0.0,49.2419869360474,0.0
2019-12-26,0.0,50.529991270732026,0.0
2019-12-27,0.0,45.98711561042175,0.0
2019-12-28,0.0,52.85507825712616,0.0
2019-12-29,0.0,53.629324945560136,0.0
2019-12-30,0.0,56.73150755055029,0.0
2019-12-31,0.0,62.52688740787757,0.0
2020-01-01,0.0,46.394796097072806,0.0
2020-01-02,0.0,39.41003952905174,0.0
2020-01-03,0.0,48.21824258055142,0.0
2020-01-04,0.0,51.60196526191959,0.0
2020-01-05,0.0,44.30863558546005,0.0
2020-01-06,0.0,56.801769116478354,0.0
2020-01-07,0.0,68.69051921455247,0.0
2020-01-08,0.0,62.70385185599597,0.0
2020-01-09,0.0,57.94493989918573,0.0
2020-01-10,0.0,63.473155173246994,0.0
2020-01-11,0.0,61.07377365778293,0.0
2020-01-12,0.0,60.445339892197396,0.0
2020-01-13,0.0,65.38504495448707,0.0
2020-01-14,-1.0,74.23607632405847,0.7423607632405848
2020-01-15,0.0,74.73677105831533,0.0
2020-01-16,0.0,82.93139604553625,0.0
2020-01-17,0.0,81.98893572181244,0.0
2020-01-18,0.0,81.27721335268505,0.0
2020-01-19,0.0,76.28451318247872,0.0
2020-01-20,0.0,70.94636387735265,0.0
2020-01-21,0.0,64.52181419271301,0.0
2020-01-22,0.0,66.96905215216336,0.0
2020-01-23,0.0,67.49567311310106,0.0
2020-01-24,0.0,62.580673106077015,0.0
2020-01-25,0.0,59.466090066115015,0.0
2020-01-26,0.0,62.62269938650307,0.0
2020-01-27,0.0,69.34398389835839,0.0
2020-01-28,0.0,64.69267267919881,0.0
2020-01-29,0.0,65.83006169377452,0.0
2020-01-30,0.0,70.63221865156385,0.0
2020-01-31,0.0,63.45320408905945,0.0
2020-02-01,0.0,65.52552739982525,0.0
2020-02-02,0.0,69.08953308545293,0.0
2020-02-03,0.0,69.60254582822289,0.0
2020-02-04,0.0,65.13669425633307,0.0
2020-02-05,0.0,74.39458887713633,0.0
2020-02-06,0.0,83.24761613522004,0.0
2020-02-07,0.0,83.821515826778,0.0
2020-02-08,0.0,87.14879381093019,0.0
2020-02-09,0.0,87.49364126564248,0.0
2020-02-10,0.0,77.22149624305783,0.0
2020-02-11,0.0,75.7379806298208,0.0
2020-02-12,0.0,76.88674033149172,0.0
2020-02-13,0.0,72.27567423547174,0.0
2020-02-14,0.0,77.30743791714269,0.0
2020-02-15,0.0,65.17793300698531,0.0
2020-02-16,0.0,66.01119683591901,0.0
2020-02-17,0.0,63.28099967958987,0.0
2020-02-18,0.0,70.79002079002079,0.0
2020-02-19,0.0,54.1294269464226,0.0
2020-02-20,0.0,50.2963480601496,0.0
2020-02-21,0.0,48.80844484725702,0.0
2020-02-22,0.0,46.397968012951125,0.0
2020-02-23,0.0,46.37551658661901,0.0
2020-02-24,0.0,45.85818422796553,0.0
2020-02-25,0.0,36.76767140734451,0.0
2020-02-26,0.0,25.738202110881957,0.0
2020-02-27,0.0,29.032644647907574,0.0
2020-02-28,0.0,25.828874450601944,0.0
2020-02-29,0.0,30.819908247092712,0.0
2020-03-01,0.0,30.320921567083886,0.0
2020-03-02,0.0,35.13856904629556,0.0
2020-03-03,0.0,24.20012139079165,0.0
2020-03-04,0.0,29.415071139996485,0.0
2020-03-05,-1.0,42.6969498102548,0.42696949810254803
2020-03-06,0.0,43.75770135543856,0.0
2020-03-07,0.0,41.07799653829511,0.0
2020-03-08,1.0,27.58669331139062,0.2758669331139062
2020-03-09,0.0,27.309330416366038,0.0
2020-03-10,0.0,29.597679404716857,0.0
2020-03-11,0.0,39.35089531680441,0.0
2020-03-12,1.0,17.712519768437247,0.17712519768437246
2020-03-13,0.0,17.581657929604248,0.0
2020-03-14,0.0,15.964912280701753,0.0
2020-03-15,0.0,19.87108754743386,0.0
2020-03-16,0.0,16.448562783661117,0.0
2020-03-17,0.0,20.62881172535903,0.0
2020-03-18,0.0,20.9317413382241,0.0
2020-03-19,0.0,30.604557449930468,0.0
2020-03-20,0.0,32.75326025827401,0.0
2020-03-21,0.0,33.10737614364014,0.0
2020-03-22,0.0,34.65787878107386,0.0
2020-03-23,0.0,42.902081237091565,0.0
2020-03-24,0.0,45.95817998307624,0.0
2020-03-25,0.0,43.762120889051346,0.0
2020-03-26,0.0,68.54284126101803,0.0
2020-03-27,0.0,65.28901865270865,0.0
2020-03-28,0.0,68.20595486440357,0.0
2020-03-29,0.0,63.08184163461691,0.0
2020-03-30,0.0,72.92050700641099,0.0
2020-03-31,0.0,71.99588373230765,0.0
2020-04-01,0.0,72.87462024796781,0.0
2020-04-02,0.0,66.59723766961235,0.0
2020-04-03,0.0,65.87260593789384,0.0
2020-04-04,0.0,68.15922400434687,0.0
2020-04-05,0.0,75.54080245950944,0.0
2020-04-06,0.0,75.63362776865374,0.0
2020-04-07,0.0,63.75402432963851,0.0
2020-04-08,0.0,69.51420947863284,0.0
2020-04-09,0.0,67.02941537454487,0.0
2020-04-10,0.0,65.20216491563195,0.0
2020-04-11,0.0,65.38169918991181,0.0
2020-04-12,0.0,70.62013088189467,0.0
2020-04-13,0.0,66.1470034266004,0.0
2020-04-14,0.0,64.63868475598267,0.0
2020-04-15,0.0,60.00279700720229,0.0
2020-04-16,0.0,60.68548387096774,0.0
2020-04-17,0.0,58.93656225322453,0.0
2020-04-18,0.0,60.396039603960396,0.0
2020-04-19,0.0,58.39497619952175,0.0
2020-04-20,0.0,40.998844395317285,0.0
2020-04-21,0.0,48.40158674600396,0.0
2020-04-22,0.0,49.25124792013311,0.0
2020-04-23,0.0,59.95987963891675,0.0
2020-04-24,0.0,72.83664837677183,0.0
2020-04-25,0.0,74.0602964854811,0.0
2020-04-26,0.0,74.67956534699076,0.0
2020-04-27,0.0,77.15626416402272,0.0
2020-04-28,0.0,74.55622826226974,0.0
2020-04-29,0.0,84.50325814536342,0.0
2020-04-30,0.0,82.58332018838587,0.0
2020-05-01,0.0,83.9972669675763,0.0
2020-05-02,0.0,83.625,0.0
2020-05-03,0.0,85.4924299854881,0.0
2020-05-04,0.0,91.84642233856894,0.0
2020-05-05,0.0,92.11024047554714,0.0
2020-05-06,0.0,92.00182606710797,0.0
2020-05-07,0.0,93.43967647719613,0.0
2020-05-08,0.0,85.31109346041832,0.0
2020-05-09,0.0,76.66238433642853,0.0
2020-05-10,0.0,62.57172629385203,0.0
2020-05-11,0.0,59.311993913374266,0.0
2020-05-12,0.0,61.989160685513404,0.0
2020-05-13,0.0,59.562833789009936,0.0
2020-05-14,0.0,63.169642857142854,0.0
2020-05-15,0.0,55.19085794832425,0.0
2020-05-16,0.0,54.7563982006252,0.0
2020-05-17,0.0,57.57444191179131,0.0
2020-05-18,0.0,58.66327508663275,0.0
2020-05-19,0.0,58.34798543869642,0.0
2020-05-20,0.0,51.91278188364601,0.0
2020-05-21,0.0,34.73968932087921,0.0
2020-05-22,0.0,38.82442109664942,0.0
2020-05-23,0.0,42.78278924257516,0.0
2020-05-24,0.0,45.92840253618277,0.0
2020-05-25,0.0,51.05496533047645,0.0
2020-05-26,0.0,44.95192307692308,0.0
2020-05-27,0.0,41.917659314280534,0.0
2020-05-28,0.0,40.22652766340911,0.0
2020-05-29,0.0,44.096808256974484,0.0
2020-05-30,0.0,45.349650349650354,0.0
2020-05-31,0.0,38.69464668094218,0.0
2020-06-01,0.0,49.30032139708183,0.0
2020-06-02,0.0,41.788443824840044,0.0
2020-06-03,0.0,45.505313381045326,0.0
2020-06-04,0.0,54.178773933120766,0.0
2020-06-05,0.0,50.6085129073743,0.0
2020-06-06,0.0,51.06667288180363,0.0
2020-06-07,0.0,58.855986439270765,0.0
2020-06-08,0.0,55.69361231449903,0.0
2020-06-09,0.0,61.10886362716939,0.0
2020-06-10,0.0,57.32170207098622,0.0
2020-06-11,0.0,45.32676116129337,0.0
2020-06-12,0.0,49.08087375461902,0.0
2020-06-13,0.0,46.168871306712816,0.0
2020-06-14,0.0,48.2244776736138,0.0
2020-06-15,0.0,28.102137426481136,0.0
2020-06-16,0.0,48.426765198314186,0.0
2020-06-17,0.0,47.567199727798574,0.0
2020-06-18,0.0,45.35138010520716,0.0
2020-06-19,0.0,47.726565901598555,0.0
2020-06-20,0.0,45.58404558404558,0.0
2020-06-21,0.0,40.53644073639937,0.0
2020-06-22,0.0,56.2009829551396,0.0
2020-06-23,0.0,57.40760521256142,0.0
2020-06-24,0.0,45.5905618586991,0.0
2020-06-25,0.0,48.94453341097685,0.0
2020-06-26,0.0,41.97699061459279,0.0
2020-06-27,0.0,36.843123036016436,0.0
2020-06-28,0.0,42.288168684107774,0.0
2020-06-29,0.0,39.82084690553746,0.0
2020-06-30,0.0,37.808048247894355,0.0
2020-07-01,0.0,38.510829846952284,0.0
2020-07-02,0.0,33.06345937850993,0.0
2020-07-03,0.0,37.18777549221276,0.0
2020-07-04,0.0,38.46264574636533,0.0
2020-07-05,0.0,36.747043183276794,0.0
2020-07-06,0.0,30.341276252019384,0.0
2020-07-07,0.0,31.502167814333077,0.0
2020-07-08,0.0,45.78654936913995,0.0
2020-07-09,0.0,43.431237990667036,0.0
2020-07-10,0.0,46.44538876765821,0.0
2020-07-11,0.0,53.943386149189955,0.0
2020-07-12,0.0,51.557331003058486,0.0
2020-07-13,0.0,45.63828551515856,0.0
2020-07-14,0.0,45.08060352245998,0.0
2020-07-15,0.0,43.73086983137627,0.0
2020-07-16,0.0,47.615585045143305,0.0
2020-07-17,0.0,47.1867554523795,0.0
2020-07-18,0.0,47.694820909970964,0.0
2020-07-19,0.0,51.184987987793,0.0
2020-07-20,0.0,38.2837528604119,0.0
2020-07-21,0.0,40.655713657033886,0.0
2020-07-22,0.0,44.490944017563116,0.0
2020-07-23,0.0,64.57284544293336,0.0
2020-07-24,0.0,58.56119112224309,0.0
2020-07-25,0.0,63.28895463510848,0.0
2020-07-26,0.0,69.03078202995009,0.0
2020-07-27,0.0,85.87544980062891,0.0
2020-07-28,0.0,88.1261485565238,0.0
2020-07-29,0.0,91.50391159253789,0.0
2020-07-30,0.0,94.8962971006624,0.0
2020-07-31,0.0,95.41564046916531,0.0
2020-08-01,0.0,96.21051782870734,0.0
2020-08-02,0.0,76.31343331308156,0.0
2020-08-03,0.0,78.72899708759616,0.0
2020-08-04,0.0,78.51399260767896,0.0
2020-08-05,0.0,80.02636598227309,0.0
2020-08-06,0.0,79.9284063363211,0.0
2020-08-07,0.0,81.35870266550049,0.0
2020-08-08,0.0,81.441194524146,0.0
2020-08-09,0.0,79.3768524116372,0.0
2020-08-10,0.0,76.01769608011249,0.0
2020-08-11,0.0,65.2833606075531,0.0
2020-08-12,0.0,64.020615161694,0.0
2020-08-13,0.0,63.95116720283758,0.0
2020-08-14,0.0,61.64539853609731,0.0
2020-08-15,0.0,55.507818863007,0.0
2020-08-16,0.0,75.59563203176704,0.0
2020-08-17,0.0,76.0965859982714,0.0
2020-08-18,0.0,67.34762223710649,0.0
2020-08-19,0.0,52.31154750946098,0.0
2020-08-20,0.0,52.20032293615604,0.0
2020-08-21,0.0,46.90296098145928,0.0
2020-08-22,0.0,45.04773269689737,0.0
2020-08-23,0.0,45.032685976046196,0.0
2020-08-24,0.0,39.16300697494188,0.0
2020-08-25,0.0,37.24541188610176,0.0
2020-08-26,0.0,38.357023915824016,0.0
2020-08-27,0.0,36.180666400638465,0.0
2020-08-28,0.0,37.07365055944916,0.0
2020-08-29,0.0,32.574979329007036,0.0
2020-08-30,0.0,34.51598773543583,0.0
2020-08-31,0.0,31.476152886353802,0.0
2020-09-01,0.0,37.563537783802104,0.0
2020-09-02,0.0,36.86704913943626,0.0
2020-09-03,0.0,20.972918394576467,0.0
2020-09-04,0.0,25.786246332104426,0.0
2020-09-05,0.0,20.265937700381357,0.0
2020-09-06,0.0,24.740473168668032,0.0
2020-09-07,0.0,30.68868853701038,0.0
2020-09-08,0.0,32.948851434892944,0.0
2020-09-09,0.0,29.64816674624211,0.0
2020-09-10,0.0,33.53213223500833,0.0
2020-09-11,0.0,32.19867844208653,0.0
2020-09-12,0.0,32.26119616767991,0.0
2020-09-13,0.0,30.172894590072502,0.0
2020-09-14,0.0,29.40797422472815,0.0
2020-09-15,0.0,29.82175173363656,0.0
2020-09-16,-1.0,32.403508161347574,0.3240350816134757
2020-09-17,0.0,51.68087764079726,0.0
2020-09-18,0.0,49.19338720269537,0.0
2020-09-19,0.0,65.8362381245301,0.0
2020-09-20,0.0,56.198636125196714,0.0
2020-09-21,0.0,41.92787583688376,0.0
2020-09-22,0.0,52.515723270440255,0.0
2020-09-23,0.0,50.97585792248636,0.0
2020-09-24,0.0,56.31027944934465,0.0
2020-09-25,0.0,59.66207473932567,0.0
2020-09-26,0.0,64.08267746618782,0.0
2020-09-27,0.0,66.84600669536107,0.0
2020-09-28,0.0,62.11403588669278,0.0
2020-09-29,0.0,61.97376239886639,0.0
2020-09-30,0.0,58.064239828693786,0.0
2020-10-01,0.0,48.6763671368803,0.0
2020-10-02,0.0,46.737828123298115,0.0
2020-10-03,0.0,44.052477022234086,0.0
2020-10-04,0.0,51.18008926058461,0.0
2020-10-05,0.0,59.37689050211736,0.0
2020-10-06,0.0,56.29019704231699,0.0
2020-10-07,0.0,62.796384437360814,0.0
2020-10-08,0.0,59.40344022490113,0.0
2020-10-09,0.0,57.30179412649093,0.0
2020-10-10,0.0,62.836953677047894,0.0
2020-10-11,0.0,64.66378726287263,0.0
2020-10-12,0.0,70.48838278459526,0.0
2020-10-13,0.0,63.06385274088059,0.0
2020-10-14,0.0,67.61856564488143,0.0
2020-10-15,0.0,80.8403888366259,0.0
2020-10-16,0.0,74.51136240471115,0.0
2020-10-17,0.0,73.98215075969907,0.0
2020-10-18,0.0,73.93312396083502,0.0
2020-10-19,0.0,74.81436527202627,0.0
2020-10-20,0.0,80.18250688705234,0.0
2020-10-21,0.0,84.74405535084696,0.0
2020-10-22,0.0,85.47963869405056,0.0
2020-10-23,0.0,85.45210950731818,0.0
2020-10-24,0.0,84.67009403052663,0.0
2020-10-25,0.0,82.34181934384321,0.0
2020-10-26,0.0,80.44644963434772,0.0
2020-10-27,0.0,89.73232529628116,0.0
2020-10-28,0.0,79.43025096088628,0.0
2020-10-29,0.0,80.38505486924089,0.0
2020-10-30,0.0,86.16208642198518,0.0
2020-10-31,0.0,87.2948353495321,0.0
2020-11-01,0.0,84.54406541670109,0.0
2020-11-02,0.0,80.17769733865327,0.0
2020-11-03,0.0,80.9751283063561,0.0
2020-11-04,0.0,76.73385636692818,0.0
2020-11-05,0.0,80.83744234133927,0.0
2020-11-06,0.0,82.07684010860267,0.0
2020-11-07,0.0,66.74331567763012,0.0
2020-11-08,0.0,72.57740962622306,0.0
2020-11-09,0.0,68.56322520315567,0.0
2020-11-10,0.0,65.10686197117212,0.0
2020-11-11,0.0,73.38269346216518,0.0
2020-11-12,0.0,75.10527652634252,0.0
2020-11-13,0.0,74.32512288807112,0.0
2020-11-14,0.0,70.28528322589494,0.0
2020-11-15,0.0,70.35862371969135,0.0
2020-11-16,0.0,74.55288171986697,0.0
2020-11-17,0.0,78.11138014527845,0.0
2020-11-18,0.0,78.40708357867372,0.0
2020-11-19,0.0,74.4431295200526,0.0
2020-11-20,0.0,76.71666107623749,0.0
2020-11-21,0.0,88.85235527184679,0.0
2020-11-22,0.0,81.76092937939468,0.0
2020-11-23,0.0,86.7972163780547,0.0
2020-11-24,0.0,88.35901826484019,0.0
2020-11-25,0.0,78.06007562561074,0.0
2020-11-26,0.0,54.10655737704917,0.0
2020-11-27,0.0,53.97887899815425,0.0
2020-11-28,0.0,60.6969525658393,0.0
2020-11-29,0.0,64.03475059670698,0.0
2020-11-30,0.0,68.36829090391561,0.0
2020-12-01,0.0,56.32453311332784,0.0
2020-12-02,0.0,58.24504795195841,0.0
2020-12-03,0.0,58.28542774763158,0.0
2020-12-04,0.0,48.667963231381755,0.0
2020-12-05,0.0,51.28544439897966,0.0
2020-12-06,0.0,53.87406201330879,0.0
2020-12-07,0.0,53.23878477639676,0.0
2020-12-08,0.0,42.76734720672225,0.0
2020-12-09,0.0,46.75698040453502,0.0
2020-12-10,0.0,56.148132971367104,0.0
2020-12-11,0.0,57.087681395728026,0.0
2020-12-12,0.0,57.25191614638851,0.0
2020-12-13,0.0,55.5108293713682,0.0
2020-12-14,0.0,44.480921867995676,0.0
2020-12-15,0.0,53.16276406593738,0.0
2020-12-16,0.0,56.11587982832618,0.0
2020-12-17,0.0,68.61058095266948,0.0
2020-12-18,0.0,77.7240926530026,0.0
2020-12-19,0.0,79.00248508465725,0.0
2020-12-20,0.0,76.63280116110305,0.0
2020-12-21,0.0,72.64046940058493,0.0
2020-12-22,0.0,87.02353299569704,0.0
2020-12-23,0.0,79.79601748421564,0.0
2020-12-24,0.0,83.62644513178888,0.0
2020-12-25,0.0,84.95404878528251,0.0
2020-12-26,0.0,86.71127830427548,0.0
2020-12-27,0.0,80.42025160250917,0.0
2020-12-28,0.0,83.34781265123112,0.0
2020-12-29,0.0,83.78148158664357,0.0
2020-12-30,0.0,84.55539993186206,0.0
2021-01-01,0.0,82.47680753939036,0.0
2021-01-02,0.0,85.09270085184566,0.0
2021-01-03,0.0,84.6134782913203,0.0
2021-01-04,0.0,83.67492634483935,0.0
2021-01-05,0.0,88.514302605628,0.0
2021-01-06,0.0,90.74028495638143,0.0
2021-01-07,0.0,95.04209666394358,0.0
2021-01-08,0.0,95.27345550487149,0.0
2021-01-09,0.0,93.03240904900362,0.0
2021-01-10,0.0,82.80870826918081,0.0
2021-01-11,0.0,66.3654621023046,0.0
2021-01-12,0.0,65.90624823063739,0.0
2021-01-13,0.0,69.38072201715478,0.0
2021-01-14,0.0,69.92474033713604,0.0
2021-01-15,0.0,65.15725670086107,0.0
2021-01-16,0.0,60.451873958657565,0.0
2021-01-17,0.0,58.99696507779563,0.0
2021-01-18,0.0,60.589385992256574,0.0
2021-01-19,0.0,56.136137525739805,0.0
2021-01-20,0.0,47.15398317535853,0.0
2021-01-21,0.0,31.858415851398092,0.0
2021-01-22,0.0,35.24790897445557,0.0
2021-01-23,0.0,34.690070243174404,0.0
2021-01-24,0.0,37.48966885227837,0.0
2021-01-25,0.0,49.860958175472646,0.0
2021-01-26,0.0,45.62184857462379,0.0
2021-01-27,0.0,31.42554486874937,0.0
2021-01-28,0.0,32.66117187634994,0.0
2021-01-29,0.0,40.63856168629883,0.0
2021-01-30,0.0,42.205348519665634,0.0
2021-01-31,0.0,41.32679681725293,0.0
2021-02-01,0.0,39.910272300190734,0.0
2021-02-02,0.0,47.02730592157486,0.0
2021-02-03,0.0,54.68869080021775,0.0
2021-02-04,0.0,71.83441630989515,0.0
2021-02-05,0.0,67.88665939732394,0.0
2021-02-06,0.0,74.13986957499438,0.0
2021-02-07,0.0,74.40693716457494,0.0
2021-02-08,0.0,82.23192765625849,0.0
2021-02-09,0.0,84.19307932074548,0.0
2021-02-10,0.0,88.281226412246,0.0
2021-02-11,0.0,88.10365767222322,0.0
2021-02-12,0.0,83.40071503880394,0.0
2021-02-13,0.0,84.20672378454361,0.0
2021-02-14,0.0,89.12993913631533,0.0
2021-02-15,0.0,85.83328600367278,0.0
2021-02-16,0.0,86.09030243322118,0.0
2021-02-17,0.0,86.63482696539307,0.0
2021-02-18,0.0,85.63514257870429,0.0
2021-02-19,0.0,87.78827364496753,0.0
2021-02-20,0.0,88.37528931051233,0.0
2021-02-21,0.0,88.83595720217008,0.0
2021-02-22,0.0,69.35722016899462,0.0
2021-02-23,0.0,54.48357713109054,0.0
2021-02-24,0.0,58.42102810728886,0.0
2021-02-25,0.0,53.730578181948665,0.0
2021-02-26,0.0,52.99116780165724,0.0
2021-02-27,0.0,52.272132089527574,0.0
2021-02-28,0.0,47.30318333258408,0.0
2021-03-01,0.0,55.645100996996256,0.0
2021-03-02,0.0,50.88466305591992,0.0
2021-03-03,0.0,49.66555532161524,0.0
2021-03-04,0.0,48.398071824101294,0.0
2021-03-05,0.0,39.76028018107726,0.0
2021-03-06,0.0,36.420886251455826,0.0
2021-03-07,0.0,36.49009869450685,0.0
2021-03-08,0.0,50.01746068386693,0.0
2021-03-09,0.0,70.0570043221504,0.0
2021-03-10,0.0,69.38312380525633,0.0
2021-03-11,0.0,74.02542969850663,0.0
2021-03-12,0.0,78.52003227879314,0.0
2021-03-13,0.0,81.41646024956744,0.0
2021-03-14,0.0,83.86106484899473,0.0
2021-03-15,0.0,68.27134306574862,0.0
2021-03-16,0.0,74.0897776492171,0.0
2021-03-17,0.0,72.21444460317136,0.0
2021-03-18,0.0,71.4365312327141,0.0
2021-03-19,0.0,71.83147102406984,0.0
2021-03-20,0.0,68.93701660961075,0.0
2021-03-21,0.0,64.05224529408196,0.0
2021-03-22,0.0,49.03982800714208,0.0
2021-03-23,0.0,41.35339699225113,0.0
2021-03-24,0.0,38.967017425551546,0.0
2021-03-25,0.0,29.957809794023362,0.0
2021-03-26,0.0,43.828733976135055,0.0
2021-03-27,0.0,35.00879389186616,0.0
2021-03-28,0.0,37.01773501188023,0.0
2021-03-29,0.0,50.0,0.0
2021-03-30,0.0,52.63348912966504,0.0
2021-03-31,0.0,48.93853717081727,0.0
2021-04-01,0.0,54.207944263391404,0.0
2021-04-02,0.0,54.268426404035175,0.0
2021-04-03,0.0,56.34110372306021,0.0
2021-04-04,0.0,58.17433815082948,0.0
2021-04-05,0.0,72.20435419802781,0.0
2021-04-06,0.0,68.56031030400726,0.0
2021-04-07,0.0,59.901531728665205,0.0
2021-04-08,0.0,72.78170812549583,0.0
2021-04-09,0.0,61.660569136804085,0.0
2021-04-10,0.0,69.40352686537796,0.0
2021-04-11,0.0,71.20999373743366,0.0
2021-04-12,0.0,66.87600021236736,0.0
2021-04-13,0.0,71.76083386139382,0.0
2021-04-14,0.0,67.92814297955687,0.0
2021-04-15,0.0,63.861179035441765,0.0
2021-04-16,0.0,56.974512678971884,0.0
2021-04-17,0.0,55.222897987334626,0.0
2021-04-18,0.0,44.12206729564999,0.0
2021-04-19,0.0,40.74308227257658,0.0
2021-04-20,0.0,42.62002887306337,0.0
2021-04-21,0.0,39.91359418724533,0.0
2021-04-22,0.0,29.5614064609252,0.0
2021-04-23,0.0,29.07937444673945,0.0
2021-04-24,0.0,21.657748941059594,0.0
2021-04-25,0.0,19.001619834466226,0.0
2021-04-26,-1.0,35.41901945231574,0.35419019452315736
2021-04-27,0.0,27.687238341763617,0.0
2021-04-28,0.0,27.862022221040874,0.0
2021-04-29,0.0,27.14580291793588,0.0
2021-04-30,-1.0,41.743208525686754,0.41743208525686754
2021-05-01,0.0,42.68697346552811,0.0
2021-05-02,0.0,47.39345388834451,0.0
2021-05-03,0.0,51.83259475470658,0.0
2021-05-04,0.0,45.77291743119267,0.0
2021-05-05,0.0,57.74520700194498,0.0
2021-05-06,0.0,59.95384282520374,0.0
2021-05-07,0.0,61.071787556502535,0.0
2021-05-08,0.0,66.32742067673574,0.0
2021-05-09,0.0,67.14640874973702,0.0
2021-05-10,0.0,54.073563362478716,0.0
2021-05-11,0.0,50.76552114118664,0.0
2021-05-12,0.0,39.88259552734222,0.0
2021-05-13,0.0,39.991202904722414,0.0
2021-05-14,0.0,30.844135927032042,0.0
2021-05-15,0.0,26.761962159088014,0.0
2021-05-16,0.0,27.75026405351484,0.0
2021-05-17,0.0,22.80857908009901,0.0
2021-05-18,0.0,24.496179066764313,0.0
2021-05-19,0.0,11.05765971603249,0.0
2021-05-20,0.0,22.078731146126316,0.0
2021-05-21,0.0,19.422143449541736,0.0
2021-05-22,0.0,15.546348265028783,0.0
2021-05-23,0.0,14.67723659873694,0.0
2021-05-24,0.0,23.94846896141435,0.0
2021-05-25,0.0,23.58236049070581,0.0
2021-05-26,0.0,30.21132907923318,0.0
2021-05-27,0.0,30.386104853364543,0.0
2021-05-28,0.0,25.34007416649338,0.0
2021-05-29,0.0,27.38660704879848,0.0
2021-05-30,0.0,30.08641131602967,0.0
2021-05-31,0.0,37.01895476591111,0.0
2021-06-01,0.0,37.460092497765174,0.0
2021-06-02,0.0,47.9385104724548,0.0
2021-06-03,0.0,43.37281848794079,0.0
2021-06-04,0.0,44.447714238669285,0.0
2021-06-05,0.0,42.150446267504236,0.0
2021-06-06,0.0,48.06422517629956,0.0
2021-06-07,0.0,30.665787195448743,0.0
2021-06-08,0.0,32.50468653729348,0.0
2021-06-09,0.0,43.558365154477194,0.0
2021-06-10,0.0,43.90263664789573,0.0
2021-06-11,0.0,53.44470017973764,0.0
2021-06-12,0.0,50.14976857416502,0.0
2021-06-13,0.0,55.27624772774733,0.0
2021-06-14,0.0,56.96729141276063,0.0
2021-06-15,0.0,57.94412876249698,0.0
2021-06-16,0.0,54.18282636753295,0.0
2021-06-17,0.0,49.96201543664903,0.0
2021-06-18,0.0,52.752678326160606,0.0
2021-06-19,0.0,55.132023181571114,0.0
2021-06-20,0.0,54.774476772297135,0.0
2021-06-21,0.0,48.68032890316728,0.0
2021-06-22,0.0,50.0876754342101,0.0
2021-06-23,0.0,43.262835986615485,0.0
2021-06-24,0.0,47.313668435366395,0.0
2021-06-25,0.0,38.7735278358712,0.0
2021-06-26,0.0,44.02569879263182,0.0
2021-06-27,0.0,41.167130897486906,0.0
2021-06-28,0.0,34.872020763427344,0.0
2021-06-29,0.0,40.70625716937769,0.0
2021-06-30,0.0,41.37882727164101,0.0
2021-07-01,0.0,38.928125654125544,0.0
2021-07-02,0.0,42.85835410625562,0.0
2021-07-03,0.0,45.43170537410381,0.0
2021-07-04,0.0,46.248246135432716,0.0
2021-07-05,0.0,58.3636521357534,0.0
2021-07-06,0.0,57.77325819088872,0.0
2021-07-07,0.0,51.39951830009454,0.0
2021-07-08,0.0,44.194181104936256,0.0
2021-07-09,0.0,59.374144636753094,0.0
2021-07-10,0.0,57.44427462733967,0.0
2021-07-11,0.0,49.543443471712315,0.0
2021-07-12,0.0,44.49674204676121,0.0
2021-07-13,0.0,36.40459899342123,0.0
2021-07-14,0.0,39.26615760653315,0.0
2021-07-15,0.0,40.85702456527739,0.0
2021-07-16,0.0,36.71354485540389,0.0
2021-07-17,0.0,31.421407455827975,0.0
2021-07-18,0.0,31.678702992719877,0.0
2021-07-19,0.0,32.591348173036536,0.0
2021-07-20,0.0,25.56062874939137,0.0
2021-07-21,0.0,43.974991918657615,0.0
2021-07-22,0.0,53.4020714318889,0.0
2021-07-23,0.0,56.17405738331501,0.0
2021-07-24,0.0,59.79770907548199,0.0
2021-07-25,0.0,61.10293063681735,0.0
2021-07-26,0.0,70.7043532550088,0.0
2021-07-27,0.0,74.75879134045019,0.0
2021-07-28,0.0,77.82050908525868,0.0
2021-07-29,0.0,79.48478866812812,0.0
2021-07-30,0.0,85.96366001969696,0.0
2021-07-31,0.0,83.61323876649641,0.0
2021-08-01,0.0,76.9986861143912,0.0
2021-08-02,0.0,74.78777794829132,0.0
2021-08-03,0.0,72.22592735597755,0.0
2021-08-04,0.0,71.12838226827864,0.0
2021-08-05,0.0,72.68455655029037,0.0
2021-08-06,0.0,73.87733392025237,0.0
2021-08-07,0.0,74.55579018075669,0.0
2021-08-08,0.0,73.26959704223773,0.0
2021-08-09,0.0,73.71389957986896,0.0
2021-08-10,0.0,69.3467542465888,0.0
2021-08-11,0.0,68.1456702852815,0.0
2021-08-12,0.0,65.05392540820631,0.0
2021-08-13,0.0,67.14960522887662,0.0
2021-08-14,0.0,67.12501981625613,0.0
2021-08-15,0.0,70.56351776021332,0.0
2021-08-16,0.0,75.26154080544411,0.0
2021-08-17,0.0,78.78026738962869,0.0
2021-08-18,0.0,75.62167286516444,0.0
2021-08-19,0.0,77.24911414688148,0.0
2021-08-20,0.0,78.00358820716852,0.0
2021-08-21,0.0,74.517720319988,0.0
2021-08-22,0.0,75.53480783176215,0.0
2021-08-23,0.0,70.75244025943243,0.0
2021-08-24,0.0,60.35271845017094,0.0
2021-08-25,0.0,63.935208247144146,0.0
2021-08-26,0.0,60.51867095562526,0.0
2021-08-27,0.0,56.42371371362542,0.0
2021-08-28,0.0,58.37841474902436,0.0
2021-08-29,0.0,58.08710633435692,0.0
2021-08-30,0.0,52.14375863934131,0.0
2021-08-31,0.0,52.813703488773186,0.0
2021-09-01,0.0,55.978489559406576,0.0
2021-09-02,0.0,50.844673963178344,0.0
2021-09-03,0.0,43.669819942203674,0.0
2021-09-04,0.0,45.29552687807866,0.0
2021-09-05,0.0,48.23180072113685,0.0
2021-09-06,0.0,51.81676998139015,0.0
2021-09-07,0.0,43.67053641281577,0.0
2021-09-08,0.0,37.06655433227451,0.0
2021-09-09,0.0,42.86232719385882,0.0
2021-09-10,0.0,33.3082828765895,0.0
2021-09-11,0.0,35.3341807055823,0.0
2021-09-12,0.0,40.1974104859335,0.0
2021-09-13,0.0,40.55443341114431,0.0
2021-09-14,0.0,49.451406090630925,0.0
2021-09-15,0.0,49.541654697448465,0.0
2021-09-16,0.0,47.98583128736623,0.0
2021-09-17,0.0,45.52064007421151,0.0
2021-09-18,0.0,48.498611517100265,0.0
2021-09-19,0.0,42.505949440977055,0.0
2021-09-20,0.0,31.186649635546743,0.0
2021-09-21,0.0,36.01900952311052,0.0
2021-09-22,0.0,45.93108096722554,0.0
2021-09-23,0.0,48.030526834071885,0.0
2021-09-24,0.0,48.44576006482262,0.0
2021-09-25,0.0,46.89780039307541,0.0
2021-09-26,0.0,44.5596109791576,0.0
2021-09-27,0.0,47.19678164854918,0.0
2021-09-28,0.0,36.49038155296516,0.0
2021-09-29,0.0,36.08657155334399,0.0
2021-09-30,0.0,41.93818425343583,0.0
2021-10-01,0.0,52.034837639771254,0.0
2021-10-02,0.0,48.756058980977265,0.0
2021-10-03,0.0,51.671560177144,0.0
2021-10-04,0.0,67.16311729463249,0.0
2021-10-05,-1.0,80.82315902633802,0.8082315902633802
2021-10-06,0.0,81.62920025893015,0.0
2021-10-07,0.0,75.10455853465834,0.0
2021-10-08,0.0,81.56029169819703,0.0
2021-10-09,0.0,82.46378472048177,0.0
2021-10-10,0.0,81.66364086482918,0.0
2021-10-11,0.0,86.32188977603663,0.0
2021-10-12,0.0,86.47276294929438,0.0
2021-10-13,0.0,86.24872440976087,0.0
2021-10-14,0.0,84.63334856363728,0.0
2021-10-15,0.0,84.6120885306026,0.0
2021-10-16,0.0,83.06264749288826,0.0
2021-10-17,0.0,83.3205199765498,0.0
2021-10-18,0.0,83.0319198325798,0.0
2021-10-19,0.0,81.92226035475943,0.0
2021-10-20,0.0,79.3277932474765,0.0
2021-10-21,0.0,75.73637840150536,0.0
2021-10-22,0.0,68.97557200753104,0.0
2021-10-23,0.0,67.58197558342607,0.0
2021-10-24,0.0,67.59324492765103,0.0
2021-10-25,0.0,65.8205752776581,0.0
2021-10-26,0.0,61.75732873491143,0.0
2021-10-27,0.0,56.93799232478287,0.0
2021-10-28,0.0,61.50562345232338,0.0
2021-10-29,0.0,57.127641479633574,0.0
2021-10-30,0.0,59.06591911164335,0.0
2021-10-31,0.0,55.0535426140531,0.0
2021-11-01,0.0,54.17681493825578,0.0
2021-11-02,0.0,54.28054962248626,0.0
2021-11-03,0.0,52.22332610119352,0.0
2021-11-04,0.0,53.346045499847534,0.0
2021-11-05,0.0,56.48224886284789,0.0
2021-11-06,0.0,56.496922054275885,0.0
2021-11-07,0.0,61.82704746740969,0.0
2021-11-08,0.0,64.87417239635795,0.0
2021-11-09,0.0,75.06360306360307,0.0
2021-11-10,0.0,78.3695833565111,0.0
2021-11-11,0.0,73.29555801840897,0.0
2021-11-12,0.0,62.82928498118372,0.0
2021-11-13,0.0,64.10714766455781,0.0
2021-11-14,0.0,69.44312334008433,0.0
2021-11-15,0.0,58.54138073505597,0.0
2021-11-16,0.0,44.10549379759871,0.0
2021-11-17,0.0,44.42463929341963,0.0
2021-11-18,0.0,41.60204882938129,0.0
2021-11-19,0.0,46.977917505977146,0.0
2021-11-20,0.0,51.708268892462904,0.0
2021-11-21,0.0,45.0355451942034,0.0
2021-11-22,0.0,29.146175442997816,0.0
2021-11-23,0.0,32.964735366905074,0.0
2021-11-24,0.0,32.79110302491597,0.0
2021-11-25,0.0,41.49089715237901,0.0
2021-11-26,0.0,35.4952133395866,0.0
2021-11-27,0.0,37.30930872158301,0.0
2021-11-28,0.0,39.89091411894262,0.0
2021-11-29,0.0,44.13853421457825,0.0
2021-11-30,0.0,46.75037234883469,0.0
2021-12-01,0.0,46.929066819989885,0.0
2021-12-02,0.0,50.5544637007921,0.0
2021-12-03,0.0,43.086820404270135,0.0
2021-12-04,0.0,31.678619658848064,0.0
2021-12-05,0.0,32.227068411294724,0.0
2021-12-06,0.0,36.43882965343561,0.0
2021-12-07,0.0,31.89825718323128,0.0
2021-12-08,0.0,31.60695116449118,0.0
2021-12-09,0.0,19.591446321691038,0.0
2021-12-10,0.0,24.896999650982266,0.0
2021-12-11,0.0,29.40320232896653,0.0
2021-12-12,0.0,24.35898471906843,0.0
2021-12-13,0.0,18.187434086805766,0.0
2021-12-14,0.0,27.72721202003339,0.0
2021-12-15,0.0,27.169860838200847,0.0
2021-12-16,0.0,27.051173822157892,0.0
2021-12-17,0.0,27.211611042217072,0.0
2021-12-18,0.0,37.94992553234311,0.0
2021-12-19,0.0,38.24628303685524,0.0
2021-12-20,0.0,36.98605893378596,0.0
2021-12-21,0.0,44.875274147246046,0.0
2021-12-22,0.0,45.12712928097543,0.0
2021-12-23,0.0,56.57451087815801,0.0
2021-12-24,0.0,57.12906615378332,0.0
2021-12-25,0.0,50.24745941665567,0.0
2021-12-26,0.0,49.43856487205817,0.0
2021-12-27,0.0,63.426129714524976,0.0
2021-12-28,0.0,43.88142088437941,0.0
2021-12-29,0.0,39.850636989310296,0.0
2021-12-30,0.0,45.95334203364796,0.0
2021-12-31,0.0,51.176218749647916,0.0
2022-01-01,0.0,53.10086957462811,0.0
2022-01-02,0.0,52.61035994981932,0.0
2022-01-03,0.0,49.90870854376141,0.0
2022-01-04,0.0,39.14232798430627,0.0
2022-01-05,0.0,32.21001759671928,0.0
2022-01-06,0.0,19.551980999676132,0.0
2022-01-07,0.0,16.822872641816133,0.0
2022-01-08,0.0,19.319104323905577,0.0
2022-01-09,0.0,19.271918790584976,0.0
2022-01-10,0.0,18.76234544075777,0.0
2022-01-11,0.0,27.223347799872897,0.0
2022-01-12,0.0,33.03947603260194,0.0
2022-01-13,0.0,26.82508168920876,0.0
2022-01-14,0.0,31.007731496619442,0.0
2022-01-15,0.0,24.305511355417337,0.0
2022-01-16,0.0,24.71740857336198,0.0
2022-01-17,0.0,25.54954078219086,0.0
2022-01-18,0.0,26.66056524980452,0.0
2022-01-19,0.0,31.03664818029155,0.0
2022-01-20,0.0,30.688247811071975,0.0
2022-01-21,0.0,23.516800769868226,0.0
2022-01-22,0.0,19.00788154515746,0.0
2022-01-23,0.0,23.42186575198184,0.0
2022-01-24,0.0,27.757576307151027,0.0
2022-01-25,0.0,26.475474135942036,0.0
2022-01-26,0.0,23.23461536608515,0.0
2022-01-27,0.0,28.21244626490389,0.0
2022-01-28,0.0,30.01368976134347,0.0
2022-01-29,0.0,32.1685690883225,0.0
2022-01-30,0.0,32.25447018197711,0.0
2022-01-31,0.0,33.4768954688201,0.0
2022-02-01,0.0,32.37595187593449,0.0
2022-02-02,0.0,31.581370107278886,0.0
2022-02-03,0.0,35.24281242276959,0.0
2022-02-04,-1.0,72.7951221313248,0.7279512213132481
2022-02-05,0.0,82.37629402293639,0.0
2022-02-06,0.0,81.89991224561676,0.0
2022-02-07,0.0,83.42172890808683,0.0
2022-02-08,0.0,82.4993014027832,0.0
2022-02-09,0.0,82.10472371770324,0.0
2022-02-10,0.0,74.69862606958728,0.0
2022-02-11,0.0,66.71417636656372,0.0
2022-02-12,0.0,64.47429159367093,0.0
2022-02-13,0.0,64.54824358710238,0.0
2022-02-14,0.0,65.17854147328867,0.0
2022-02-15,0.0,70.8663342133568,0.0
2022-02-16,0.0,75.78966081577806,0.0
2022-02-17,1.0,58.822772301892435,0.5882277230189243
2022-02-18,0.0,41.21176793306817,0.0
2022-02-19,0.0,40.26340545625588,0.0
2022-02-20,0.0,30.541404211223053,0.0
2022-02-21,0.0,17.172539531470377,0.0
2022-02-22,0.0,22.653685044718657,0.0
2022-02-23,0.0,20.977879397536825,0.0
2022-02-24,0.0,30.83963198184057,0.0
2022-02-25,0.0,34.90036083319666,0.0
2022-02-26,0.0,35.63146860637717,0.0
2022-02-27,0.0,33.57945996356173,0.0
2022-02-28,0.0,50.816054106968046,0.0
2022-03-01,0.0,51.50857908941275,0.0
2022-03-02,0.0,51.99027974084033,0.0
2022-03-03,0.0,56.559572393647564,0.0
2022-03-04,1.0,49.03462261913114,0.4903462261913114
2022-03-05,0.0,50.17702236622075,0.0
2022-03-06,0.0,52.36142779726179,0.0
2022-03-07,0.0,53.52700565129227,0.0
2022-03-08,0.0,52.92190946792553,0.0
2022-03-09,0.0,61.136010635497286,0.0
2022-03-10,0.0,51.66202934902144,0.0
2022-03-11,0.0,49.18984012393398,0.0
2022-03-12,0.0,49.28356015727553,0.0
2022-03-13,0.0,49.12333384403248,0.0
2022-03-14,0.0,41.36525761909807,0.0
2022-03-15,0.0,32.74606112835099,0.0
2022-03-16,0.0,38.59735018768267,0.0
2022-03-17,0.0,43.30510414282444,0.0
2022-03-18,0.0,55.52336318589335,0.0
2022-03-19,0.0,55.777072949705484,0.0
2022-03-20,0.0,55.059628902479794,0.0
2022-03-21,0.0,56.768039610689065,0.0
2022-03-22,0.0,58.49818027615067,0.0
2022-03-23,0.0,51.504789079048386,0.0
2022-03-24,0.0,64.97107039537127,0.0
2022-03-25,0.0,71.49940888363452,0.0
2022-03-26,0.0,72.29977281979225,0.0
2022-03-27,0.0,83.73434176317656,0.0
2022-03-28,0.0,81.2515324052633,0.0
2022-03-29,0.0,85.97633645879701,0.0
2022-03-30,0.0,76.96593478177569,0.0
2022-03-31,0.0,68.88984922692788,0.0
2022-04-01,0.0,68.72724514563107,0.0
2022-04-02,0.0,65.23415581612834,0.0
2022-04-03,0.0,74.93150788319736,0.0
2022-04-04,0.0,75.6561099765294,0.0
2022-04-05,0.0,65.77279882380202,0.0
2022-04-06,0.0,50.174017304514074,0.0
2022-04-07,0.0,49.749660112947076,0.0
2022-04-08,0.0,42.108967956971135,0.0
2022-04-09,0.0,41.988557234926354,0.0
2022-04-10,0.0,27.038281966187938,0.0
2022-04-11,0.0,17.199275507230652,0.0
2022-04-12,0.0,19.495475276510874,0.0
2022-04-13,0.0,27.178247865100346,0.0
2022-04-14,0.0,27.739648373770166,0.0
2022-04-15,0.0,25.93615019216162,0.0
2022-04-16,0.0,26.229799528775104,0.0
2022-04-17,0.0,21.6387313198141,0.0
2022-04-18,0.0,27.482784164174603,0.0
2022-04-19,-1.0,36.77663545555023,0.3677663545555023
2022-04-20,0.0,45.08873206630196,0.0
2022-04-21,0.0,44.471040602997164,0.0
2022-04-22,0.0,49.08168570746034,0.0
2022-04-23,0.0,45.91740170051073,0.0
2022-04-24,0.0,47.58778168750468,0.0
2022-04-25,0.0,74.47193945580108,0.0
2022-04-26,0.0,57.56294196537431,0.0
2022-04-27,0.0,58.24292001889495,0.0
2022-04-28,0.0,67.44262861175127,0.0
2022-04-29,0.0,55.68901901018689,0.0
2022-04-30,0.0,51.189839818620854,0.0
2022-05-01,0.0,56.43345669874167,0.0
2022-05-02,0.0,55.65514040660354,0.0
2022-05-03,0.0,42.68147136537719,0.0
2022-05-04,0.0,48.101374709010074,0.0
2022-05-05,0.0,40.76025627873577,0.0
2022-05-06,0.0,39.80220020399243,0.0
2022-05-07,0.0,39.02478224571524,0.0
2022-05-08,0.0,35.63865570201368,0.0
2022-05-09,1.0,24.320821199969416,0.24320821199969417
2022-05-10,0.0,30.988669862998762,0.0
2022-05-11,0.0,23.144315696751008,0.0
2022-05-12,0.0,19.71358024691358,0.0
2022-05-13,0.0,23.582556494274968,0.0
2022-05-14,0.0,28.94307002692483,0.0
2022-05-15,0.0,31.267111798889687,0.0
2022-05-16,0.0,26.131803595882246,0.0
2022-05-17,0.0,29.107768360549045,0.0
2022-05-18,0.0,21.733889231669096,0.0
2022-05-19,0.0,30.07231894356606,0.0
2022-05-20,0.0,29.226331142788283,0.0
2022-05-21,0.0,31.25730433429699,0.0
2022-05-22,0.0,37.215933638641665,0.0
2022-05-23,0.0,43.677689594356266,0.0
2022-05-24,0.0,40.804296750096164,0.0
2022-05-25,0.0,48.933273314327316,0.0
2022-05-26,0.0,47.804464906184855,0.0
2022-05-27,0.0,42.89537971322358,0.0
2022-05-28,0.0,40.59456264122382,0.0
2022-05-29,0.0,35.028006211517905,0.0
2022-05-30,0.0,53.26098215005006,0.0
2022-05-31,0.0,53.201737707562714,0.0
2022-06-01,0.0,51.68046297384578,0.0
2022-06-02,0.0,47.17464862847318,0.0
2022-06-03,0.0,49.76857978349138,0.0
2022-06-04,0.0,48.5507054732026,0.0
2022-06-05,0.0,44.42897134858743,0.0
2022-06-06,0.0,58.86425995891453,0.0
2022-06-07,0.0,55.24012655078028,0.0
2022-06-08,0.0,49.906863815628896,0.0
2022-06-09,0.0,52.67707130106059,0.0
2022-06-10,0.0,54.68140043465524,0.0
2022-06-11,0.0,48.8129256242489,0.0
2022-06-12,0.0,40.088526554999795,0.0
2022-06-13,1.0,16.462407084770632,0.16462407084770633
2022-06-14,0.0,14.779677881942078,0.0
2022-06-15,0.0,17.529656941327346,0.0
2022-06-16,0.0,12.928106890705266,0.0
2022-06-17,0.0,14.078010258681132,0.0
2022-06-18,0.0,11.915711344879028,0.0
2022-06-19,0.0,20.84828891208241,0.0
2022-06-20,0.0,13.798903074072541,0.0
2022-06-21,0.0,14.16933551585889,0.0
2022-06-22,0.0,14.373724538908789,0.0
2022-06-23,0.0,20.49835995245202,0.0
2022-06-24,0.0,20.949127462218954,0.0
2022-06-25,0.0,23.478885674568886,0.0
2022-06-26,0.0,25.65780357500269,0.0
2022-06-27,0.0,37.56113686393245,0.0
2022-06-28,0.0,38.80846109062682,0.0
2022-06-29,0.0,38.20738028948948,0.0
2022-06-30,0.0,48.23621940207207,0.0
2022-07-01,0.0,43.95890150313947,0.0
2022-07-02,0.0,55.006065553325854,0.0
2022-07-03,0.0,37.17786361046033,0.0
2022-07-04,0.0,49.2798261869768,0.0
2022-07-05,0.0,49.728085187297964,0.0
2022-07-06,0.0,64.64154114680974,0.0
2022-07-07,0.0,65.52975875368676,0.0
2022-07-08,0.0,66.83567555326296,0.0
2022-07-09,0.0,64.21672061965111,0.0
2022-07-10,0.0,59.91660246768651,0.0
2022-07-11,0.0,55.710566110675266,0.0
2022-07-12,0.0,50.04545129561727,0.0
2022-07-13,0.0,57.896560301328975,0.0
2022-07-14,0.0,60.95343811229681,0.0
2022-07-15,0.0,66.72637864418687,0.0
2022-07-16,0.0,68.87810370269278,0.0
2022-07-17,0.0,65.1555044273597,0.0
2022-07-18,0.0,68.73723460702578,0.0
2022-07-19,0.0,71.98035217552751,0.0
2022-07-20,0.0,70.30652399033482,0.0
2022-07-21,0.0,62.636312491811616,0.0
2022-07-22,0.0,57.1662945552853,0.0
2022-07-23,0.0,55.85041883284319,0.0
2022-07-24,0.0,61.59239789127736,0.0
2022-07-25,0.0,56.27607103550417,0.0
2022-07-26,0.0,62.06868507633729,0.0
2022-07-27,0.0,63.99744563196048,0.0
2022-07-28,0.0,65.09528312798079,0.0
2022-07-29,0.0,64.47189828536605,0.0
2022-07-30,0.0,62.83190246886358,0.0
2022-07-31,0.0,63.58538779917221,0.0
2022-08-01,0.0,51.54257796367406,0.0
2022-08-02,0.0,44.549577178711125,0.0
2022-08-03,0.0,41.767151767151766,0.0
2022-08-04,0.0,40.85508158621024,0.0
2022-08-05,0.0,53.5166042306284,0.0
2022-08-06,0.0,53.05187915340369,0.0
2022-08-07,0.0,53.39671276920092,0.0
2022-08-08,0.0,70.86572457265189,0.0
2022-08-09,0.0,62.56992463678036,0.0
2022-08-10,0.0,53.6198223783966,0.0
2022-08-11,0.0,47.65584680157544,0.0
2022-08-12,0.0,50.343361463634615,0.0
2022-08-13,0.0,51.93463417129121,0.0
2022-08-14,0.0,55.363812327908185,0.0
2022-08-15,0.0,59.05499230165877,0.0
2022-08-16,0.0,53.04685234537898,0.0
2022-08-17,0.0,53.16063323369866,0.0
2022-08-18,0.0,60.82659748361651,0.0
2022-08-19,1.0,29.35376127127435,0.29353761271274353
2022-08-20,0.0,34.51858000991548,0.0
2022-08-21,0.0,36.89275078892395,0.0
2022-08-22,0.0,29.93003703921454,0.0
2022-08-23,0.0,36.56525072030873,0.0
2022-08-24,0.0,32.04310505195461,0.0
2022-08-25,0.0,29.059920248589677,0.0
2022-08-26,0.0,19.055144776203647,0.0
2022-08-27,0.0,16.913864781712107,0.0
2022-08-28,0.0,15.932108319223858,0.0
2022-08-29,0.0,23.13617110186715,0.0
2022-08-30,0.0,23.072843166039988,0.0
2022-08-31,0.0,28.203280203280215,0.0
2022-09-01,0.0,27.608630841469775,0.0
2022-09-02,0.0,42.2458048134246,0.0
2022-09-03,0.0,37.60031874324094,0.0
2022-09-04,0.0,33.57569147808174,0.0
2022-09-05,0.0,32.080933221408515,0.0
2022-09-06,0.0,24.529484799685292,0.0
2022-09-07,0.0,32.059581714898925,0.0
2022-09-08,0.0,37.074776610754036,0.0
2022-09-09,0.0,63.45226895809289,0.0
2022-09-10,0.0,67.18334297281666,0.0
2022-09-11,0.0,71.30490930002622,0.0
2022-09-12,0.0,70.65687255620094,0.0
2022-09-13,0.0,56.41386809004869,0.0
2022-09-14,0.0,54.6398292371392,0.0
2022-09-15,0.0,51.179915632551086,0.0
2022-09-16,0.0,51.17271662283828,0.0
2022-09-17,0.0,54.10863953599541,0.0
2022-09-18,0.0,48.79616922250731,0.0
2022-09-19,0.0,52.02332459552615,0.0
2022-09-20,0.0,53.51025445512644,0.0
2022-09-21,0.0,48.21333290860006,0.0
2022-09-22,0.0,51.06960925213884,0.0
2022-09-23,0.0,37.42373794722762,0.0
2022-09-24,0.0,32.96859227091785,0.0
2022-09-25,0.0,31.952241187701247,0.0
2022-09-26,0.0,32.999766191255546,0.0
2022-09-27,0.0,44.58103805528883,0.0
2022-09-28,0.0,45.4148362930423,0.0
2022-09-29,0.0,52.35623566201443,0.0
2022-09-30,0.0,51.660903687011924,0.0
2022-10-01,0.0,47.2163195920102,0.0
2022-10-02,0.0,51.65891705414729,0.0
2022-10-03,0.0,52.83192834562698,0.0
2022-10-04,0.0,68.22049629486628,0.0
2022-10-05,0.0,75.00201427719676,0.0
2022-10-06,0.0,66.75742820232534,0.0
2022-10-07,0.0,57.61320790646304,0.0
2022-10-08,0.0,62.43422274500093,0.0
2022-10-09,0.0,64.42527650108082,0.0
2022-10-10,0.0,49.5874605907475,0.0
2022-10-11,0.0,51.102610779546964,0.0
2022-10-12,0.0,52.84863567682873,0.0
2022-10-13,0.0,51.77930282234241,0.0
2022-10-14,0.0,51.264398848092156,0.0
2022-10-15,0.0,50.759634662508354,0.0
2022-10-16,0.0,58.37217123912939,0.0
2022-10-17,0.0,53.64861973036593,0.0
2022-10-18,0.0,34.16950966619841,0.0
2022-10-19,0.0,32.82593856655291,0.0
2022-10-20,0.0,32.728757613910915,0.0
2022-10-21,0.0,36.99373052809723,0.0
2022-10-22,0.0,42.15170931972528,0.0
2022-10-23,0.0,50.87965074607415,0.0
2022-10-24,0.0,65.32328847279109,0.0
2022-10-25,0.0,77.95635302859344,0.0
2022-10-26,0.0,79.0648440971224,0.0
2022-10-27,0.0,64.71182769823126,0.0
2022-10-28,0.0,71.11685859145678,0.0
2022-10-29,0.0,76.27276884383812,0.0
2022-10-30,0.0,70.93607852525736,0.0
2022-10-31,0.0,71.45027949130773,0.0
2022-11-01,0.0,69.7691261415626,0.0
2022-11-02,0.0,65.61762653285035,0.0
2022-11-03,0.0,68.7291374389241,0.0
2022-11-04,0.0,74.245523914764,0.0
2022-11-05,0.0,75.24010508635169,0.0
2022-11-06,0.0,68.01833517738854,0.0
2022-11-07,0.0,57.39981669127756,0.0
2022-11-08,0.0,34.87641264277512,0.0
2022-11-09,1.0,19.400381575361138,0.19400381575361136
2022-11-10,0.0,32.96865617869581,0.0
2022-11-11,0.0,27.78114928442227,0.0
2022-11-12,0.0,24.81020779128204,0.0
2022-11-13,0.0,24.174195900932446,0.0
2022-11-14,0.0,25.775783432200754,0.0
2022-11-15,0.0,27.013981644433997,0.0
2022-11-16,0.0,26.85265911072362,0.0
2022-11-17,0.0,26.528614845721947,0.0
2022-11-18,0.0,23.510484260202716,0.0
2022-11-19,0.0,21.777520489930225,0.0
2022-11-20,0.0,21.55579547990567,0.0
2022-11-21,0.0,21.79252646470559,0.0
2022-11-22,0.0,29.686911419547386,0.0
2022-11-23,0.0,50.285596547658564,0.0
2022-11-24,0.0,30.224599961442067,0.0
2022-11-25,0.0,35.932844373137755,0.0
2022-11-26,0.0,39.96382260883704,0.0
2022-11-27,0.0,49.549486947860935,0.0
2022-11-28,0.0,36.76015217198973,0.0
2022-11-29,0.0,35.50337235794365,0.0
2022-11-30,0.0,55.681713112783626,0.0
2022-12-01,0.0,57.977240448177305,0.0
2022-12-02,0.0,57.97281893906181,0.0
2022-12-03,0.0,56.05351972726182,0.0
2022-12-04,0.0,63.15068228754511,0.0
2022-12-05,0.0,73.23291105241954,0.0
2022-12-06,0.0,68.90360116360718,0.0
2022-12-07,0.0,55.82438091769847,0.0
2022-12-08,0.0,60.17522980958634,0.0
2022-12-09,0.0,63.75750157927985,0.0
2022-12-10,0.0,63.83745666561614,0.0
2022-12-11,0.0,62.725869980103134,0.0
2022-12-12,0.0,74.077399658795,0.0
2022-12-13,0.0,76.47777732513137,0.0
2022-12-14,0.0,64.66862006418306,0.0
2022-12-15,0.0,57.97228442540486,0.0
2022-12-16,0.0,43.12289438992237,0.0
2022-12-17,0.0,49.022290364429765,0.0
2022-12-18,0.0,48.81961898945291,0.0
2022-12-19,0.0,40.539538875668086,0.0
2022-12-20,0.0,48.24092898246098,0.0
2022-12-21,0.0,50.89521039716441,0.0
2022-12-22,0.0,45.01546853374583,0.0
2022-12-23,0.0,41.519644983223294,0.0
2022-12-24,0.0,43.17297376890553,0.0
2022-12-25,0.0,43.360030191211,0.0
2022-12-26,0.0,42.10368401877371,0.0
2022-12-27,0.0,32.56410256410257,0.0
2022-12-28,0.0,29.428290202190055,0.0
2022-12-29,0.0,29.001879433340747,0.0
2022-12-30,0.0,39.99757898559497,0.0
2022-12-31,0.0,36.53427569076336,0.0
2023-01-01,0.0,38.96690195295937,0.0
2023-01-02,0.0,51.5321436817627,0.0
2023-01-03,0.0,33.032065388242685,0.0
2023-01-04,0.0,44.11877968422404,0.0
2023-01-05,0.0,50.74857638496059,0.0
2023-01-06,0.0,54.157745094597914,0.0
2023-01-07,0.0,50.80979284369115,0.0
2023-01-08,0.0,52.79404322995735,0.0
2023-01-09,0.0,47.543114045871235,0.0
2023-01-10,0.0,61.2881785092578,0.0
2023-01-11,0.0,77.27208380520952,0.0
2023-01-12,0.0,87.17134871381874,0.0
2023-01-13,0.0,91.42698852394143,0.0
2023-01-14,0.0,92.88921566053095,0.0
2023-01-15,0.0,92.87434052126778,0.0
2023-01-16,0.0,95.03041999599891,0.0
2023-01-17,0.0,96.95638079458271,0.0
2023-01-18,0.0,87.21559171303107,0.0
2023-01-19,0.0,87.76283748014822,0.0
2023-01-20,0.0,89.4631282420618,0.0
2023-01-21,0.0,90.41386746288464,0.0
2023-01-22,0.0,88.09038103898871,0.0
2023-01-23,0.0,89.8926362003592,0.0
2023-01-24,0.0,89.29108970499699,0.0
2023-01-25,0.0,89.29833797097089,0.0
2023-01-26,0.0,87.848684959581,0.0
2023-01-27,0.0,84.78237621644743,0.0
2023-01-28,0.0,82.1271072903874,0.0
2023-01-29,0.0,84.2078005351616,0.0
2023-01-30,0.0,69.05904716644885,0.0
2023-01-31,0.0,72.0312930417057,0.0
2023-02-01,0.0,80.30529204988684,0.0
2023-02-02,0.0,76.70858887767513,0.0
2023-02-03,0.0,73.38980294765474,0.0
2023-02-04,0.0,66.86167989970748,0.0
2023-02-05,0.0,63.52147158075829,0.0
2023-02-06,0.0,59.212186927848975,0.0
2023-02-07,0.0,62.662321712217725,0.0
2023-02-08,0.0,60.57496607869742,0.0
2023-02-09,0.0,45.28867912329476,0.0
2023-02-10,0.0,43.71643819350072,0.0
2023-02-11,0.0,45.5887042257114,0.0
2023-02-12,0.0,37.8357110589744,0.0
2023-02-13,0.0,44.180506398039746,0.0
2023-02-14,0.0,45.81523265225219,0.0
2023-02-15,0.0,66.96442058832415,0.0
2023-02-16,0.0,62.162288492100586,0.0
2023-02-17,0.0,64.89501027780429,0.0
2023-02-18,0.0,65.80464503376709,0.0
2023-02-19,0.0,66.14584241072207,0.0
2023-02-20,0.0,69.32507900075163,0.0
2023-02-21,0.0,65.91930445562724,0.0
2023-02-22,0.0,63.46325988975611,0.0
2023-02-23,0.0,72.43242758818468,0.0
2023-02-24,0.0,67.360358708516,0.0
2023-02-25,0.0,66.29690189328744,0.0
2023-02-26,0.0,67.8052349478807,0.0
2023-02-27,0.0,68.31912796428364,0.0
2023-02-28,0.0,61.18194764851383,0.0
2023-03-01,0.0,45.075534397021045,0.0
2023-03-02,0.0,49.38354484307827,0.0
2023-03-03,0.0,27.280950518286716,0.0
2023-03-04,0.0,29.14567477757531,0.0
2023-03-05,0.0,32.23324813311281,0.0
2023-03-06,0.0,24.856551398363365,0.0
2023-03-07,0.0,29.862390442695244,0.0
2023-03-08,0.0,27.07898300365744,0.0
2023-03-09,0.0,21.40277875026257,0.0
2023-03-10,0.0,21.595244343069382,0.0
2023-03-11,0.0,26.260085429520643,0.0
2023-03-12,0.0,37.670496485766556,0.0
2023-03-13,0.0,52.587788136073975,0.0
2023-03-14,0.0,58.31883841123185,0.0
2023-03-15,0.0,57.181924145969695,0.0
2023-03-16,0.0,60.95537533890816,0.0
2023-03-17,0.0,76.71636344680186,0.0
2023-03-18,0.0,73.58972916869052,0.0
2023-03-19,0.0,75.61512170251336,0.0
2023-03-20,0.0,74.82256751897344,0.0
2023-03-21,0.0,74.89076169534074,0.0
2023-03-22,0.0,73.21990422498823,0.0
2023-03-23,0.0,83.61985818352777,0.0
2023-03-24,0.0,82.33960607260978,0.0
2023-03-25,0.0,81.86727298564729,0.0
2023-03-26,0.0,79.8963415296687,0.0
2023-03-27,0.0,69.66516521246102,0.0
2023-03-28,0.0,66.24970326800833,0.0
2023-03-29,-1.0,70.1236311844778,0.701236311844778
2023-03-30,0.0,65.05763601980223,0.0
2023-03-31,0.0,52.90015667746361,0.0
2023-04-01,0.0,56.622266046701405,0.0
2023-04-02,0.0,47.138263665594856,0.0
2023-04-03,0.0,44.76233878685686,0.0
2023-04-04,0.0,47.06981781341158,0.0
2023-04-05,0.0,55.697033072932676,0.0
2023-04-06,0.0,49.9565735990643,0.0
2023-04-07,0.0,54.74075578001675,0.0
2023-04-08,0.0,55.513564078578106,0.0
2023-04-09,0.0,56.37170956062237,0.0
2023-04-10,-1.0,74.65657849855809,0.7465657849855809
2023-04-11,0.0,79.28528047969306,0.0
2023-04-12,0.0,71.61168774127927,0.0
2023-04-13,0.0,76.44010709042232,0.0
2023-04-14,0.0,77.30826817501247,0.0
2023-04-15,0.0,77.14996829043568,0.0
2023-04-16,0.0,80.36471057486165,0.0
2023-04-17,0.0,74.66445867543688,0.0
2023-04-18,0.0,75.40858305420048,0.0
2023-04-19,1.0,57.49156869679223,0.5749156869679223
2023-04-20,0.0,50.045335167583794,0.0
2023-04-21,0.0,45.60776156826989,0.0
2023-04-22,0.0,49.48898929027393,0.0
2023-04-23,0.0,45.42908944399678,0.0
2023-04-24,0.0,33.82004446362696,0.0
2023-04-25,0.0,37.37226614879549,0.0
2023-04-26,0.0,40.10922097716776,0.0
2023-04-27,0.0,47.729143844704055,0.0
2023-04-28,0.0,44.899959395695944,0.0
2023-04-29,0.0,45.510685876089525,0.0
2023-04-30,0.0,45.58421746064767,0.0
2023-05-01,0.0,43.97564973074221,0.0
2023-05-02,0.0,43.40165845548729,0.0
2023-05-03,0.0,53.27760778167525,0.0
2023-05-04,0.0,58.92041598650061,0.0
2023-05-05,0.0,72.44431698690374,0.0
2023-05-06,0.0,62.564169146874946,0.0
2023-05-07,0.0,60.9907603033814,0.0
2023-05-08,0.0,53.095086692950105,0.0
2023-05-09,0.0,47.62017478246874,0.0
2023-05-10,0.0,48.065675957305,0.0
2023-05-11,0.0,36.08486746207418,0.0
2023-05-12,0.0,35.60280816883103,0.0
2023-05-13,0.0,34.13706689910656,0.0
2023-05-14,0.0,34.77490213136147,0.0
2023-05-15,0.0,43.707009998778986,0.0
2023-05-16,0.0,32.97576009008476,0.0
2023-05-17,0.0,41.86874333371885,0.0
2023-05-18,0.0,39.44908584574404,0.0
2023-05-19,0.0,33.051755067070076,0.0
2023-05-20,0.0,40.92824593231718,0.0
2023-05-21,0.0,41.80430722539979,0.0
2023-05-22,0.0,51.0203718213548,0.0
2023-05-23,0.0,51.99825479930191,0.0
2023-05-24,0.0,37.481459285339724,0.0
2023-05-25,0.0,50.017824841226876,0.0
2023-05-26,0.0,53.858830721794725,0.0
2023-05-27,0.0,54.8154510906346,0.0
2023-05-28,0.0,63.275754466505184,0.0
2023-05-29,0.0,63.7534844387835,0.0
2023-05-30,0.0,66.49793958272494,0.0
2023-05-31,0.0,54.634240164127114,0.0
2023-06-01,0.0,54.68332228187633,0.0
2023-06-02,0.0,55.141018040145674,0.0
2023-06-03,0.0,52.818632831364965,0.0
2023-06-04,0.0,56.436839574513,0.0
2023-06-05,0.0,41.967104459909656,0.0
2023-06-06,0.0,50.268298880468734,0.0
2023-06-07,0.0,49.46644603787461,0.0
2023-06-08,0.0,43.54546910022414,0.0
2023-06-09,0.0,41.06482583511862,0.0
2023-06-10,0.0,37.821925093063896,0.0
2023-06-11,0.0,28.024307021246656,0.0
2023-06-12,0.0,24.688188119053223,0.0
2023-06-13,0.0,26.071593791376202,0.0
2023-06-14,0.0,24.4370514354067,0.0
2023-06-15,0.0,30.291144630970265,0.0
2023-06-16,0.0,33.95574682540807,0.0
2023-06-17,0.0,36.45574826900665,0.0
2023-06-18,0.0,35.93375183290651,0.0
2023-06-19,0.0,50.10253014066976,0.0
2023-06-20,0.0,51.860946677238324,0.0
2023-06-21,0.0,66.93892757859743,0.0
2023-06-22,0.0,68.83943883718969,0.0
2023-06-23,0.0,74.36563133658018,0.0
2023-06-24,0.0,78.21363990338291,0.0
2023-06-25,0.0,77.3062646074882,0.0
2023-06-26,0.0,78.48341043228585,0.0
2023-06-27,0.0,78.86176207484215,0.0
2023-06-28,0.0,85.43255287543326,0.0
2023-06-29,0.0,85.61891593692826,0.0
2023-06-30,0.0,84.64188765921904,0.0
2023-07-01,0.0,84.65607677177087,0.0
2023-07-02,0.0,84.432125553607,0.0
2023-07-03,0.0,84.12241278695234,0.0
2023-07-04,0.0,73.62718786991606,0.0
2023-07-05,0.0,64.08584246797096,0.0
2023-07-06,0.0,61.92903280742516,0.0
2023-07-07,0.0,50.18701555014404,0.0
2023-07-08,0.0,49.76323857525803,0.0
2023-07-09,0.0,49.136988255432456,0.0
2023-07-10,0.0,57.30324850815301,0.0
2023-07-11,0.0,48.07727623315092,0.0
2023-07-12,0.0,43.57885975863504,0.0
2023-07-13,0.0,47.27631906421105,0.0
2023-07-14,0.0,35.92271087172516,0.0
2023-07-15,0.0,32.028844820413255,0.0
2023-07-16,0.0,34.43701115935674,0.0
2023-07-17,0.0,25.170748684038813,0.0
2023-07-18,0.0,24.175150763916946,0.0
2023-07-19,0.0,28.705499423611585,0.0
2023-07-20,0.0,28.00995156551889,0.0
2023-07-21,0.0,32.13403528032137,0.0
2023-07-22,0.0,31.492756665966823,0.0
2023-07-23,0.0,36.18519231694989,0.0
2023-07-24,1.0,27.555389361503217,0.2755538936150322
2023-07-25,0.0,28.27352690090453,0.0
2023-07-26,0.0,36.0852364306198,0.0
2023-07-27,0.0,25.01732670257651,0.0
2023-07-28,0.0,29.411344273543364,0.0
2023-07-29,0.0,31.047531277926723,0.0
2023-07-30,0.0,29.445278623651078,0.0
2023-07-31,0.0,33.60757254069355,0.0
2023-08-01,0.0,52.93775208948397,0.0
2023-08-02,0.0,46.44926851013819,0.0
2023-08-03,0.0,50.71809871070131,0.0
2023-08-04,0.0,44.65590642033925,0.0
2023-08-05,0.0,44.18824394020919,0.0
2023-08-06,0.0,40.67543627156947,0.0
2023-08-07,0.0,67.90252919325312,0.0
2023-08-08,0.0,76.99214043944697,0.0
2023-08-09,0.0,72.0235541286304,0.0
2023-08-10,0.0,68.90694448376412,0.0
2023-08-11,0.0,71.86466099078037,0.0
2023-08-12,0.0,71.51406878070567,0.0
2023-08-13,0.0,70.64013764503463,0.0
2023-08-14,0.0,71.89492799527007,0.0
2023-08-15,0.0,63.2903981264637,0.0
2023-08-16,0.0,59.40648470415827,0.0
2023-08-17,0.0,33.073429778625396,0.0
2023-08-18,0.0,29.282149353981055,0.0
2023-08-19,0.0,32.860839954597054,0.0
2023-08-20,0.0,32.37085879127771,0.0
2023-08-21,0.0,25.58102199431491,0.0
2023-08-22,0.0,12.027099821820741,0.0
2023-08-23,0.0,12.3460728641613,0.0
2023-08-24,0.0,16.023283333866374,0.0
2023-08-25,0.0,15.283586394445706,0.0
2023-08-26,0.0,15.364666412818636,0.0
2023-08-27,0.0,16.47595829659214,0.0
2023-08-28,0.0,12.497282963091763,0.0
2023-08-29,0.0,32.739580523334226,0.0
2023-08-30,0.0,33.96445874801043,0.0
2023-08-31,0.0,40.179393538108194,0.0
2023-09-01,0.0,46.19108219650567,0.0
2023-09-02,0.0,43.62297349499682,0.0
2023-09-03,0.0,46.09367288520383,0.0
2023-09-04,0.0,50.18568097417738,0.0
2023-09-05,0.0,55.09869714525389,0.0
2023-09-06,0.0,54.464065921252086,0.0
2023-09-07,0.0,57.16670932202357,0.0
2023-09-08,0.0,54.623688470182714,0.0
2023-09-09,0.0,53.7555927416005,0.0
2023-09-10,0.0,51.91476906866476,0.0
2023-09-11,0.0,42.841381734393,0.0
2023-09-12,0.0,33.577271747393254,0.0
2023-09-13,0.0,40.15585811537083,0.0
2023-09-14,0.0,58.7841232624351,0.0
2023-09-15,0.0,62.23534939920789,0.0
2023-09-16,0.0,61.39185716218045,0.0
2023-09-17,0.0,60.15217087812369,0.0
2023-09-18,0.0,60.85710367526056,0.0
2023-09-19,0.0,64.01447338561235,0.0
2023-09-20,0.0,61.11284964614125,0.0
2023-09-21,0.0,52.066227113409646,0.0
2023-09-22,0.0,54.2405556193905,0.0
2023-09-23,0.0,55.87645110856693,0.0
2023-09-24,0.0,53.47242675211762,0.0
2023-09-25,0.0,64.72584670231728,0.0
2023-09-26,0.0,59.64434293172363,0.0
2023-09-27,0.0,60.01163956157651,0.0
2023-09-28,0.0,58.25006751282744,0.0
2023-09-29,0.0,55.97044596116891,0.0
2023-09-30,0.0,56.857119300849206,0.0
2023-10-01,0.0,66.01680715927836,0.0
2023-10-02,0.0,62.31108354792175,0.0
2023-10-03,0.0,58.43802500706204,0.0
2023-10-04,0.0,66.62347871659,0.0
2023-10-05,0.0,72.10720363017583,0.0
2023-10-06,0.0,78.75749014250675,0.0
2023-10-07,0.0,78.19143849807159,0.0
2023-10-08,0.0,86.04349351104875,0.0
2023-10-09,0.0,83.76214296689601,0.0
2023-10-10,0.0,67.56015609697297,0.0
2023-10-11,0.0,51.668071453818754,0.0
2023-10-12,0.0,47.26317975494704,0.0
2023-10-13,0.0,50.85862561590717,0.0
2023-10-14,0.0,51.83460021718009,0.0
2023-10-15,0.0,42.9697677172681,0.0
2023-10-16,0.0,58.77536259960995,0.0
2023-10-17,0.0,56.80742813533452,0.0
2023-10-18,0.0,55.34721035122092,0.0
2023-10-19,0.0,59.51889776577522,0.0
2023-10-20,0.0,65.43655326280731,0.0
2023-10-21,0.0,66.21802095071158,0.0
2023-10-22,0.0,66.11110532401379,0.0
2023-10-23,0.0,81.28930193150376,0.0
2023-10-24,0.0,89.60454001625091,0.0
2023-10-25,0.0,98.5576923076923,0.0
2023-10-26,0.0,91.67121691966074,0.0
2023-10-27,0.0,87.59738992054994,0.0
2023-10-28,0.0,87.99365464791313,0.0
2023-10-29,0.0,88.06072996691287,0.0
2023-10-30,0.0,85.56245309180649,0.0
2023-10-31,0.0,85.45646277085703,0.0
2023-11-01,0.0,86.02550251179598,0.0
2023-11-02,0.0,80.60702742278228,0.0
2023-11-03,0.0,72.52826438066842,0.0
2023-11-04,0.0,73.45944259068104,0.0
2023-11-05,0.0,73.01729331830086,0.0
2023-11-06,0.0,58.563799089435065,0.0
2023-11-07,0.0,54.55568393027578,0.0
2023-11-08,0.0,52.95041554416002,0.0
2023-11-09,0.0,68.57555431339668,0.0
2023-11-10,0.0,76.95071555961547,0.0
2023-11-11,0.0,72.73259268595712,0.0
2023-11-12,0.0,70.91459281957292,0.0
2023-11-13,0.0,63.72768527335272,0.0
2023-11-14,0.0,50.74108984604455,0.0
2023-11-15,0.0,59.83984496814719,0.0
2023-11-16,0.0,54.47089357042925,0.0
2023-11-17,0.0,59.71762038492257,0.0
2023-11-18,0.0,57.8996687939252,0.0
2023-11-19,0.0,60.995358641237154,0.0
2023-11-20,0.0,60.950047431351365,0.0
2023-11-21,0.0,53.9850900926832,0.0
2023-11-22,0.0,56.97078720235425,0.0
2023-11-23,0.0,52.15007632521526,0.0
2023-11-24,0.0,50.256189518011055,0.0
2023-11-25,0.0,52.249744730035815,0.0
2023-11-26,0.0,51.37290675037966,0.0
2023-11-27,0.0,52.077263240551325,0.0
2023-11-28,0.0,64.26515004327322,0.0
2023-11-29,0.0,52.58384307108206,0.0
2023-11-30,0.0,68.24231561284418,0.0
2023-12-01,0.0,69.3661712772219,0.0
2023-12-02,0.0,72.74408405066606,0.0
2023-12-03,0.0,71.58213539222795,0.0
2023-12-04,0.0,79.40267128370022,0.0
2023-12-05,0.0,92.38429900994296,0.0
2023-12-06,0.0,89.81221298766107,0.0
2023-12-07,0.0,83.3213725793274,0.0
2023-12-08,0.0,84.51941158085127,0.0
2023-12-09,0.0,81.4382945156299,0.0
2023-12-10,0.0,82.97123356459895,0.0
2023-12-11,0.0,70.99918444660756,0.0
2023-12-12,0.0,69.56771864340752,0.0
2023-12-13,0.0,71.58254057552314,0.0
2023-12-14,0.0,69.4831369807045,0.0
2023-12-15,0.0,64.63371785374113,0.0
2023-12-16,0.0,63.21689282600847,0.0
2023-12-17,0.0,58.0238573688486,0.0
2023-12-18,0.0,53.281496849839165,0.0
2023-12-19,0.0,37.942242206028446,0.0
2023-12-20,0.0,46.625841511882555,0.0
2023-12-21,0.0,51.273584157997355,0.0
2023-12-22,0.0,46.514177014040726,0.0
2023-12-23,0.0,48.646819216484964,0.0
2023-12-24,0.0,46.074439410449045,0.0
2023-12-25,0.0,63.55060158778537,0.0
2023-12-26,0.0,57.546326718359836,0.0
2023-12-27,0.0,53.86867359762367,0.0
2023-12-28,0.0,52.45402398748479,0.0
2023-12-29,0.0,50.96296096140725,0.0
2023-12-30,0.0,52.53039150934142,0.0
2023-12-31,0.0,58.73713138447081,0.0
